Id,MSSubClass,Neighborhood,HouseStyle,LotFrontage,LotArea,OverallQual,OverallCond,YearBuilt,YearRemodAdd,ExterQual,BsmtQual,TotalBsmtSF,1stFlrSF,GrLivArea,FullBath,HalfBath,BedroomAbvGr,KitchenAbvGr,KitchenQual,TotRmsAbvGrd,Fireplaces,GarageYrBlt,GarageCars,GarageArea,WoodDeckSF,OpenPorchSF,PoolArea,CentralAir,MoSold,YrSold,SaleCondition,SalePrice
1,60,NAmes,2Story,68.1,9023,6,6,1968,1995,Gd,Gd,1617,1586,2376,2,1,3,1,TA,5,1,1970.0,2,489,250,103,0,Y,4,2008,Normal,417736
2,50,Gilbert,1Story,95.5,13758,7,6,1992,2003,TA,Gd,1624,1493,2541,2,1,4,2,Gd,9,1,1996.0,2,597,250,4,0,Y,6,2010,Normal,503346
3,80,Sawyer,1.5Fin,75.3,1500,3,3,1971,1981,TA,TA,1272,1302,1640,3,1,1,1,TA,3,2,,0,0,0,137,0,N,8,2006,Normal,316862
4,70,Gilbert,2Story,,15861,7,8,1965,1970,TA,TA,725,924,1526,1,1,4,1,TA,7,0,1965.0,2,726,150,85,0,Y,10,2008,Partial,407390
5,20,Edwards,1Story,77.9,16669,10,7,1951,1951,TA,Gd,1534,2019,2398,1,0,5,1,Gd,8,0,,0,0,200,22,200,Y,12,2008,Normal,401910
6,50,BrkSide,SLvl,117.1,10625,3,8,1927,1947,Fa,Fa,1707,1725,1917,1,0,4,2,TA,7,2,1928.0,2,665,150,130,0,N,5,2008,Normal,352257
7,60,Edwards,2Story,,12847,4,5,1931,1970,Fa,TA,474,1113,1128,3,0,1,1,Ex,3,2,1934.0,2,614,150,54,0,Y,7,2010,Normal,300105
8,90,Sawyer,2Story,68.7,12846,8,9,1982,1990,TA,TA,784,1176,1204,3,0,4,1,TA,8,1,,0,0,200,92,0,Y,1,2008,Normal,335465
9,70,Somerst,1Story,,7800,7,5,1907,1924,TA,TA,1459,1286,1911,2,0,1,1,Gd,5,1,1907.0,1,304,100,193,0,Y,2,2007,Normal,451302
10,30,NAmes,1Story,56.4,12798,8,8,1909,1946,TA,Ex,1434,910,1615,1,0,1,1,TA,3,1,1911.0,3,798,0,47,200,Y,12,2007,Normal,388996
11,30,Gilbert,1Story,85.0,7104,7,3,1944,1974,Fa,TA,1208,1161,1662,3,1,2,2,Gd,6,2,1946.0,1,345,150,177,0,Y,12,2009,Normal,418893
12,40,NAmes,SLvl,50.5,7943,8,3,1985,1985,Gd,TA,1890,1924,2215,3,1,2,1,TA,4,1,1985.0,2,592,150,92,0,Y,12,2007,Normal,453441
13,50,Mitchel,2Story,,15233,7,6,1972,1992,Fa,Fa,1066,1177,2039,3,1,1,1,Gd,4,2,1972.0,2,581,200,186,0,Y,4,2009,Normal,427285
14,20,NridgHt,1.5Fin,101.6,14594,2,6,1965,1970,TA,TA,1300,1558,2188,3,0,1,1,TA,3,1,,0,0,250,169,0,Y,8,2007,Normal,533438
15,80,Edwards,1Story,73.3,7533,8,7,1959,1968,TA,Gd,710,529,773,1,1,4,1,Ex,8,1,1959.0,3,1049,0,166,0,Y,3,2006,Normal,352763
16,20,Somerst,1Story,,7419,6,4,1912,1921,Gd,Gd,1572,1149,1772,3,0,3,2,Gd,7,2,1916.0,1,223,250,41,200,Y,9,2008,Normal,480546
17,20,NridgHt,2Story,117.9,7788,2,8,1936,1960,Gd,Gd,1331,1634,1883,2,0,1,1,TA,4,1,1940.0,3,1061,0,158,0,N,6,2007,Normal,508464
18,30,OldTown,1Story,108.8,13577,5,4,1908,1915,TA,NA,590,755,892,2,1,3,1,Gd,7,0,1908.0,1,273,250,73,0,Y,12,2007,Normal,259873
19,30,OldTown,1.5Fin,81.0,6300,5,6,1984,1994,TA,TA,849,1037,1311,1,1,4,2,Gd,8,0,1986.0,2,448,0,182,0,Y,5,2007,Normal,334895
20,60,Somerst,2Story,98.1,11998,2,9,1983,1992,Gd,Fa,496,1101,1147,2,1,4,2,TA,7,2,1984.0,1,250,150,198,0,Y,8,2006,Normal,395360
21,80,OldTown,2Story,64.1,13637,10,6,1928,1942,TA,Fa,1568,1050,1760,3,0,2,1,Gd,5,1,1928.0,3,642,150,122,0,Y,8,2007,Normal,437790
22,90,Sawyer,1Story,85.9,10129,4,7,1932,1958,Gd,Gd,2024,1470,2381,2,0,1,2,TA,6,0,,0,0,150,182,0,Y,10,2010,Partial,356589
23,80,CollgCr,SLvl,60.7,14742,4,9,1935,1950,TA,TA,1673,1858,2571,3,1,5,2,Gd,9,2,1939.0,3,715,250,106,0,Y,1,2007,Abnorml,483022
24,70,BrkSide,1.5Fin,40.2,9222,5,9,1998,2010,TA,TA,683,1043,1234,3,0,4,1,Fa,6,2,,0,0,100,6,0,Y,6,2009,Normal,312242
25,60,Edwards,2Story,,9602,9,5,1954,1974,TA,Gd,1164,1608,1978,1,1,5,2,TA,8,1,1958.0,3,976,0,174,0,Y,6,2008,Normal,407792
26,40,Gilbert,1Story,39.1,6396,8,5,1984,2008,Gd,TA,921,1148,1968,3,0,2,1,Gd,4,1,,0,0,150,106,0,Y,3,2006,Normal,451306
27,50,CollgCr,1Story,76.5,14772,8,3,1949,1949,Gd,TA,1503,1851,1886,3,0,1,1,Gd,5,2,,0,0,0,8,0,N,10,2010,Normal,466524
28,80,Edwards,1Story,76.3,7281,4,6,1977,2010,Gd,Fa,1265,1231,1792,2,1,2,2,TA,5,0,,0,0,150,13,0,N,10,2010,Abnorml,335277
29,20,Sawyer,1Story,81.4,11969,9,9,1958,1994,TA,Gd,989,1331,1871,2,1,2,2,TA,7,0,1961.0,2,529,0,144,0,Y,1,2007,Normal,427556
30,80,OldTown,2Story,68.0,10200,9,5,1930,1954,Fa,Fa,1883,2106,2535,2,0,4,2,Gd,7,1,1933.0,1,383,0,184,0,Y,9,2006,Normal,451289
31,80,CollgCr,2Story,68.3,6078,6,4,1997,2010,TA,NA,2045,2125,2179,3,0,4,1,Gd,7,1,2000.0,2,622,150,139,0,Y,11,2010,Normal,472323
32,20,Gilbert,SLvl,73.0,7942,6,2,1978,2005,TA,NA,533,968,1141,3,0,1,1,Gd,5,0,1978.0,3,808,0,88,0,Y,4,2006,Normal,401925
33,30,CollgCr,1Story,80.6,16308,2,5,1985,2002,Gd,Ex,1260,1893,1932,1,1,3,2,TA,7,0,,0,0,0,61,0,N,8,2010,Normal,400506
34,40,Edwards,1Story,70.0,11347,8,3,2005,2010,Gd,Gd,1430,1350,2128,1,1,2,1,TA,4,2,2008.0,2,557,150,83,0,Y,8,2006,Normal,422674
35,90,Somerst,1Story,68.5,6262,10,9,1927,1941,TA,TA,935,1575,1901,1,0,4,2,Gd,7,1,1929.0,2,570,250,64,0,Y,1,2010,Partial,493166
36,50,Gilbert,1Story,40.9,11782,6,6,1910,1916,TA,Gd,1518,2024,2193,2,0,2,1,TA,4,2,1912.0,1,263,0,54,0,Y,10,2010,Normal,443665
37,80,NridgHt,1Story,114.3,9886,6,3,1964,1997,Gd,Ex,1276,1356,1740,3,1,3,1,TA,7,1,1968.0,3,904,0,25,0,Y,10,2007,Partial,545732
38,60,NridgHt,1Story,81.8,25007,6,2,1936,1948,TA,TA,850,1245,1746,2,0,4,1,Fa,6,1,1936.0,2,484,0,113,0,N,4,2007,Normal,528671
39,20,BrkSide,1Story,74.6,11698,2,8,1948,1959,TA,Ex,780,1597,1608,1,1,2,2,Gd,5,1,,0,0,150,43,0,Y,4,2006,Partial,267855
40,70,NAmes,2Story,,8901,7,9,1926,1964,Gd,TA,615,433,706,3,1,1,1,Gd,5,1,1929.0,2,590,0,28,0,Y,10,2009,Partial,354508
41,70,Edwards,1Story,,16464,8,8,1944,1964,Ex,NA,949,1221,1661,2,1,4,2,Gd,8,2,1945.0,1,233,100,55,0,Y,10,2007,Normal,365290
42,80,NAmes,1.5Fin,,2768,10,2,1943,1967,TA,TA,1067,1348,1429,2,0,5,2,TA,10,2,,0,0,200,159,0,Y,1,2009,Normal,378862
43,90,NAmes,2Story,66.5,10896,10,2,1938,1947,Ex,NA,879,1128,1181,3,1,3,1,Gd,5,2,1938.0,3,838,0,114,0,Y,5,2009,Normal,413732
44,60,OldTown,1Story,83.7,18877,6,3,1982,1993,TA,TA,2015,2318,2338,1,1,5,1,Gd,8,2,,0,0,250,98,0,Y,8,2008,Normal,390318
45,90,Gilbert,1.5Fin,40.3,10012,10,8,1965,1994,TA,Gd,1607,1889,1992,2,0,1,2,TA,4,0,,0,0,100,118,0,Y,2,2007,Normal,457935
46,30,BrkSide,1.5Fin,104.0,3220,6,8,1952,1970,Fa,Gd,1410,937,1636,1,1,5,1,TA,8,1,,0,0,150,113,0,Y,12,2007,Normal,331326
47,60,Sawyer,1Story,89.8,8837,7,8,1912,1917,Gd,Gd,1044,1360,1404,2,1,5,1,Gd,7,2,1912.0,3,923,150,99,0,Y,3,2008,Normal,399871
48,60,NridgHt,1Story,68.2,16609,7,2,1963,1996,Ex,Gd,1176,1350,1817,2,0,2,2,Gd,7,1,1966.0,2,540,250,168,0,Y,11,2006,Normal,566099
49,30,Sawyer,2Story,80.3,12079,10,3,1919,1935,TA,Fa,1372,1877,2226,2,0,1,1,Gd,4,1,1919.0,3,1062,150,146,0,Y,1,2008,Family,439112
50,60,CollgCr,1Story,86.3,6977,8,9,1934,1960,Gd,NA,793,948,1303,3,1,4,2,Gd,7,0,1937.0,1,323,250,37,0,Y,11,2009,Abnorml,418715
51,70,BrkSide,1Story,,7622,3,9,1946,1959,TA,Ex,991,1441,1573,1,1,5,1,Gd,9,0,,0,0,0,163,0,N,1,2008,Normal,317932
52,50,BrkSide,1Story,106.9,8149,2,7,1915,1937,TA,Gd,927,1591,1967,3,1,1,1,Gd,3,2,1917.0,1,199,0,35,0,Y,9,2007,Normal,328846
53,70,NAmes,2Story,80.6,12017,5,2,1943,1974,Gd,TA,441,647,696,3,1,4,2,Ex,9,0,,0,0,150,15,0,N,5,2010,Normal,284801
54,70,Somerst,2Story,54.5,16120,6,2,1929,1964,TA,TA,996,1034,1622,2,1,5,2,TA,9,1,1932.0,2,462,0,84,550,Y,6,2008,Normal,440355
55,60,BrkSide,2Story,45.9,14920,8,2,1994,2002,Gd,Gd,626,946,1494,1,1,1,1,TA,5,1,1994.0,1,353,0,78,0,Y,2,2009,Partial,341476
56,50,Somerst,2Story,,12415,6,7,1995,2010,TA,Gd,874,1186,1586,1,1,3,2,Ex,6,2,1996.0,3,839,0,157,0,Y,9,2006,Family,498210
57,40,BrkSide,1Story,74.6,4907,6,8,1900,1936,TA,Gd,1146,778,1409,2,1,1,2,TA,6,2,1901.0,1,317,0,139,0,Y,8,2010,Normal,330131
58,70,Mitchel,2Story,80.6,4923,10,7,1966,1991,Gd,TA,1304,1565,1816,3,0,1,1,Ex,4,1,1969.0,1,269,0,11,0,Y,4,2009,Normal,431256
59,90,Somerst,1Story,70.6,12740,5,4,1971,1976,Gd,Ex,2149,1741,2548,2,0,3,1,TA,6,0,1975.0,3,818,200,99,0,Y,6,2010,Normal,530095
60,50,NAmes,1Story,47.9,4849,6,8,1941,1948,TA,TA,1044,1197,1495,3,0,2,1,TA,5,1,1944.0,2,557,150,159,0,N,7,2009,Normal,403501
61,60,Edwards,2Story,,9553,7,2,1952,1960,TA,Gd,1579,1055,1815,1,1,1,2,TA,4,2,,0,0,0,146,0,N,9,2008,Normal,375491
62,90,OldTown,1Story,65.7,11777,6,8,1987,1991,Gd,TA,2185,1634,2607,2,1,5,2,TA,8,1,1990.0,1,292,0,100,0,Y,7,2008,Normal,409329
63,40,Somerst,2Story,69.5,5722,10,9,1941,1971,Ex,TA,675,1234,1486,3,0,2,1,Gd,4,1,1944.0,1,238,250,123,0,Y,1,2009,Normal,484310
64,80,Gilbert,2Story,122.3,6198,10,7,1907,1945,Gd,Gd,2457,1802,2621,2,0,5,2,Gd,9,2,1907.0,2,690,250,112,0,Y,7,2008,Normal,536498
65,40,Somerst,2Story,89.1,10105,6,9,1941,1961,TA,Fa,674,1069,1653,3,0,1,2,Gd,5,1,1943.0,2,537,0,46,0,Y,5,2009,Abnorml,460768
66,40,CollgCr,2Story,,12615,6,6,1928,1951,Gd,TA,1825,1636,2505,1,0,3,2,Gd,7,1,1931.0,2,524,150,112,0,Y,5,2007,Normal,487259
67,40,Edwards,2Story,129.9,14958,7,5,1942,1972,Gd,Fa,1701,1316,2035,3,1,4,2,TA,9,1,1945.0,3,500,0,135,0,Y,5,2009,Normal,409653
68,20,NridgHt,1Story,78.5,13050,3,4,1925,1941,Gd,TA,1003,1430,1722,3,0,3,1,Gd,5,2,1926.0,2,611,0,11,0,Y,5,2007,Normal,514205
69,50,NAmes,1Story,72.6,10809,5,9,1916,1934,TA,TA,1162,997,1593,2,0,3,1,Gd,7,1,1916.0,1,284,150,139,0,Y,3,2008,Abnorml,373854
70,40,OldTown,1Story,55.1,7366,3,7,2009,2010,TA,Gd,764,910,1275,2,0,4,2,TA,9,0,,0,0,250,49,0,Y,4,2006,Normal,274597
71,30,BrkSide,1Story,60.0,6002,3,3,1914,1926,TA,TA,698,1385,1611,3,1,1,1,TA,3,1,1915.0,2,528,150,1,0,Y,9,2010,Abnorml,296592
72,80,NAmes,1Story,25.0,8354,2,9,1978,1980,TA,TA,802,1547,1981,2,1,5,1,TA,9,2,1982.0,1,257,250,151,0,Y,3,2009,Normal,333850
73,60,Somerst,1.5Fin,87.4,12222,7,2,1979,2001,TA,TA,755,1366,1669,1,1,4,2,TA,7,2,1982.0,1,265,200,77,0,Y,10,2007,Partial,453746
74,30,OldTown,1Story,42.1,11914,2,6,1968,2000,Gd,Gd,635,927,1398,3,1,4,2,TA,7,2,1972.0,3,896,200,82,0,Y,6,2006,Normal,323560
75,30,CollgCr,1Story,,1680,7,3,2001,2003,Gd,Gd,1144,1508,1555,1,1,3,2,Ex,8,2,2001.0,3,917,200,124,0,Y,8,2010,Normal,473931
76,80,Somerst,1Story,69.1,7200,5,7,1900,1908,Ex,Ex,1448,1547,2101,2,1,2,2,TA,5,2,1903.0,1,271,200,112,0,Y,2,2006,Normal,454964
77,40,Gilbert,1Story,72.8,15559,5,5,1933,1943,Gd,Gd,1440,1503,2213,1,1,3,2,Gd,6,1,1933.0,2,636,0,124,0,Y,3,2008,Normal,422255
78,50,CollgCr,2Story,69.1,10833,8,5,1920,1952,Fa,TA,1077,1320,1380,3,0,4,1,Gd,6,1,1922.0,3,831,250,188,0,Y,11,2006,Normal,434761
79,20,NAmes,2Story,100.5,4549,6,7,1964,1984,Gd,NA,544,1123,1329,3,0,5,1,Fa,7,1,,0,0,250,130,0,Y,10,2009,Normal,335724
80,80,CollgCr,2Story,96.6,20394,8,8,1970,1991,TA,Gd,1033,1555,1882,2,0,5,1,Gd,7,2,1974.0,1,288,150,9,0,Y,1,2007,Normal,464755
81,40,NridgHt,2Story,69.4,10378,8,5,1999,2010,Gd,Ex,2014,2309,2433,2,1,1,2,Gd,6,1,2002.0,2,451,150,44,0,Y,11,2008,Normal,610800
82,70,BrkSide,1Story,,12114,2,9,1942,1953,TA,Gd,1891,1210,2100,2,1,1,2,Gd,4,0,1944.0,1,289,250,89,0,Y,11,2008,Normal,359287
83,50,CollgCr,1.5Fin,90.3,12178,3,5,1926,1954,Gd,Gd,624,903,974,2,1,5,2,Fa,10,0,1928.0,3,655,0,94,0,Y,2,2007,Normal,342600
84,80,Edwards,1Story,48.6,8956,7,3,2002,2003,Gd,TA,689,1324,1548,3,0,2,2,TA,5,0,2005.0,1,239,0,72,0,Y,3,2009,Normal,346332
85,50,Edwards,1Story,35.8,7444,10,2,1974,1978,Gd,Ex,1094,928,1303,1,1,3,2,Ex,8,1,,0,0,250,36,0,Y,3,2008,Abnorml,384437
86,90,Edwards,1Story,81.0,19411,3,3,1984,2010,TA,NA,1283,963,1447,3,1,1,1,TA,5,2,1986.0,1,273,100,21,0,Y,11,2008,Normal,291876
87,70,OldTown,2Story,96.8,14713,2,7,1949,1975,TA,Fa,1456,1385,2320,2,1,1,2,Gd,5,2,1952.0,1,344,200,28,0,Y,11,2007,Normal,360605
88,50,NAmes,1Story,,13952,10,6,1949,1956,TA,TA,570,1039,1067,3,1,3,2,TA,8,2,1952.0,3,826,100,190,0,Y,9,2008,Partial,397812
89,50,Gilbert,1Story,78.9,12920,10,4,1943,1960,TA,NA,413,597,973,2,1,4,2,Gd,7,2,,0,0,100,79,0,Y,4,2007,Normal,381564
90,60,Edwards,2Story,60.9,6286,3,5,1983,1985,TA,TA,854,785,1177,3,0,4,1,Gd,8,0,,0,0,0,192,0,Y,12,2008,Normal,290214
91,70,Edwards,1Story,85.9,15866,5,8,1923,1949,Fa,NA,1587,1518,1763,2,0,5,2,TA,8,2,,0,0,0,66,0,Y,11,2009,Normal,362083
92,70,OldTown,2Story,94.1,6959,7,6,2008,2010,Ex,Gd,1525,1716,1973,2,0,1,1,TA,4,2,2009.0,2,499,0,62,0,Y,11,2008,Normal,441788
93,20,Mitchel,1Story,64.2,11690,3,2,1919,1930,Gd,NA,1025,1111,1785,1,0,2,1,Gd,6,2,1923.0,3,765,100,97,0,Y,5,2006,Normal,384794
94,40,NridgHt,1Story,47.4,3615,4,2,1951,1965,Gd,Gd,1631,1983,2164,1,1,3,1,Ex,7,1,1953.0,2,560,0,189,0,Y,9,2010,Normal,593825
95,50,Somerst,1Story,37.9,1928,5,5,1934,1943,TA,Gd,668,607,779,1,0,3,1,Fa,5,0,1935.0,3,764,200,112,0,Y,9,2009,Normal,375593
96,60,OldTown,2Story,,11837,7,5,1971,1986,TA,NA,1486,2092,2245,2,0,1,2,Gd,6,2,1972.0,3,773,0,7,0,Y,2,2010,Normal,394005
97,20,BrkSide,1Story,45.0,7102,4,8,1975,1985,TA,Gd,1234,855,1450,3,0,3,1,Gd,7,0,1977.0,2,639,200,54,0,Y,7,2006,Normal,345963
98,30,BrkSide,1Story,78.2,2145,5,6,2001,2010,TA,Gd,1216,1125,1976,3,1,5,1,TA,9,2,2001.0,2,642,0,196,0,Y,7,2010,Normal,395750
99,50,NAmes,1Story,,12771,4,8,1987,2004,Gd,Ex,571,807,965,3,0,1,2,Gd,6,2,,0,0,0,30,0,N,8,2008,Normal,294631
100,50,Mitchel,SLvl,59.0,19404,8,6,1927,1961,TA,Gd,1227,1051,1702,2,1,5,2,Gd,10,2,1930.0,3,742,0,167,0,Y,5,2010,Normal,410546
101,60,NridgHt,1.5Fin,66.3,16336,3,4,1922,1952,TA,Gd,1107,1327,1688,2,1,3,2,Gd,8,1,1926.0,3,784,200,185,0,Y,9,2009,Normal,512192
102,20,NAmes,2Story,92.0,9419,4,7,1998,2009,TA,TA,2020,1199,2155,3,0,3,1,Ex,7,2,2002.0,3,912,200,42,0,Y,11,2010,Partial,447642
103,80,Sawyer,1Story,52.2,10537,4,6,1954,1991,Gd,TA,574,756,839,1,1,4,1,TA,6,2,1955.0,3,977,100,111,0,Y,8,2006,Normal,314506
104,40,CollgCr,SLvl,50.0,14228,10,7,1910,1918,Gd,Fa,1080,1685,1765,3,1,4,2,TA,9,2,1913.0,1,388,150,119,0,Y,11,2008,Normal,453731
105,60,NAmes,2Story,64.8,15213,10,3,1991,2010,Gd,Ex,759,1140,1229,3,1,4,1,Gd,6,1,,0,0,150,158,0,Y,10,2009,Normal,387314
106,90,CollgCr,2Story,98.1,9057,6,7,1971,1983,TA,Fa,1327,1857,1893,3,0,1,2,TA,5,1,1975.0,3,790,150,159,0,Y,4,2008,Normal,447458
107,50,Somerst,1Story,105.4,10644,3,4,1902,1923,TA,TA,1159,1863,1948,1,1,2,1,Gd,5,2,1906.0,1,304,200,12,0,Y,9,2010,Normal,414717
108,40,NridgHt,1Story,67.8,11763,8,8,1986,1994,Gd,TA,1849,1738,2318,3,0,5,1,Ex,7,0,1988.0,3,758,0,63,0,Y,9,2009,Normal,629216
109,40,Somerst,1Story,54.3,12826,6,8,1967,1997,TA,TA,849,1016,1393,2,0,1,2,TA,4,0,1970.0,2,549,100,188,0,Y,12,2006,Normal,439630
110,70,CollgCr,1.5Fin,93.4,9941,9,6,1968,1980,TA,NA,1327,2069,2170,2,1,4,1,Gd,6,1,1972.0,1,263,200,70,0,Y,5,2006,Normal,470279
111,90,CollgCr,1Story,33.3,9996,5,9,1996,2010,Fa,Gd,1684,2203,2278,1,0,3,2,TA,7,1,1996.0,1,175,100,49,0,Y,2,2009,Normal,465961
112,60,BrkSide,1Story,75.4,16295,10,6,1955,1958,TA,TA,417,949,961,2,1,1,1,Gd,4,2,1956.0,2,570,0,125,0,Y,9,2007,Normal,353515
113,30,Mitchel,1Story,69.0,15580,9,2,1951,1971,TA,NA,1535,1808,2019,2,1,1,2,TA,5,2,1954.0,1,273,150,39,0,Y,8,2007,Normal,425329
114,90,Sawyer,2Story,,12505,4,6,1968,1974,TA,TA,1396,1320,2060,3,1,5,1,TA,7,0,1968.0,1,331,0,29,0,Y,8,2010,Normal,398650
115,20,CollgCr,1Story,,17720,8,8,1921,1956,TA,Gd,1023,1537,1576,2,0,1,1,Gd,4,0,,0,0,100,159,0,Y,9,2006,Normal,426735
116,50,BrkSide,1.5Fin,49.3,8877,4,2,1916,1932,TA,TA,811,995,1019,1,1,1,2,Fa,4,2,1917.0,2,460,100,23,0,Y,7,2008,Normal,272168
117,30,NridgHt,2Story,,17316,5,2,1993,2010,Gd,TA,1697,1765,2078,3,1,1,2,Gd,6,1,,0,0,150,178,0,Y,1,2007,Normal,557406
118,20,Gilbert,2Story,57.4,12779,4,4,1923,1958,Fa,Gd,886,958,1024,1,1,4,2,Ex,7,0,,0,0,250,49,550,Y,11,2006,Normal,317647
119,90,CollgCr,1Story,63.5,24238,8,8,1955,1976,TA,TA,979,1296,1614,3,0,5,2,Gd,8,1,,0,0,150,21,0,Y,4,2007,Normal,436886
120,20,Mitchel,2Story,83.6,5492,4,6,1929,1931,TA,Fa,917,1541,1581,3,0,1,1,TA,3,2,1932.0,2,611,250,148,0,Y,3,2008,Normal,372692
121,90,Somerst,2Story,,7605,7,9,1925,1933,TA,TA,1600,1195,2018,1,0,4,2,TA,8,1,,0,0,0,35,0,Y,10,2008,Partial,436278
122,60,NAmes,2Story,74.3,12259,7,8,1966,1974,TA,Gd,989,1290,1374,3,0,4,2,Fa,9,1,1968.0,1,317,200,73,0,Y,10,2006,Normal,345818
123,40,OldTown,1Story,91.1,12168,8,6,1989,2010,Gd,TA,1025,789,1371,3,0,2,2,TA,6,1,,0,0,0,70,0,Y,7,2009,Normal,347969
124,80,Somerst,1Story,103.3,18691,10,7,1949,1985,Gd,TA,1268,1263,1797,2,0,1,1,Gd,4,2,1953.0,2,541,200,101,0,Y,9,2007,Normal,499203
125,20,NAmes,1Story,76.4,7693,2,4,1915,1934,Gd,TA,1677,1242,2033,3,1,3,2,TA,8,1,,0,0,0,94,200,Y,1,2008,Normal,349363
126,70,Edwards,1Story,72.6,14301,10,2,1927,1962,Gd,TA,1437,2180,2848,1,0,1,1,Fa,3,2,,0,0,100,39,0,Y,4,2008,Normal,424902
127,80,Somerst,1Story,45.6,15382,2,5,1918,1927,Ex,TA,583,541,826,2,1,1,1,TA,5,2,1920.0,1,307,0,46,0,Y,3,2008,Normal,360467
128,40,Mitchel,1Story,104.9,13460,6,6,1997,2010,TA,Fa,877,1763,1801,2,0,3,1,TA,6,1,2000.0,2,611,150,38,0,Y,6,2008,Normal,409134
129,40,NAmes,1Story,80.9,6464,5,3,1935,1950,Gd,TA,689,885,1103,2,1,5,2,TA,8,1,,0,0,0,11,0,Y,5,2007,Normal,298599
130,20,Gilbert,2Story,,16413,7,3,1941,1950,TA,Fa,1656,2064,2164,3,1,5,1,Gd,7,2,1943.0,1,265,0,130,0,Y,1,2008,Normal,462251
131,20,Mitchel,1Story,71.9,15663,8,2,1907,1917,TA,TA,839,844,1249,3,0,4,1,TA,6,0,1910.0,3,1000,0,94,550,Y,9,2008,Normal,363144
132,20,BrkSide,SLvl,,13018,9,7,1949,1965,Gd,Gd,853,787,1401,2,0,2,2,Fa,7,0,1951.0,2,476,0,21,0,Y,8,2006,Normal,366964
133,50,Mitchel,2Story,87.0,11358,5,9,2001,2010,TA,TA,1190,1207,1342,2,1,2,1,TA,5,0,2001.0,3,710,250,66,0,Y,5,2009,Normal,390946
134,60,CollgCr,1Story,89.7,11450,10,8,1945,1953,TA,Ex,1414,1484,1713,2,1,4,1,Gd,7,2,1946.0,1,310,250,133,0,Y,11,2008,Normal,455992
135,50,BrkSide,2Story,,10169,4,5,1972,1985,TA,TA,1210,1396,1755,1,0,1,2,Gd,5,2,1972.0,3,659,0,57,0,Y,5,2007,Normal,355597
136,70,Mitchel,1Story,75.3,13191,3,6,1920,1925,TA,Ex,1667,1657,1807,2,1,3,2,Fa,6,2,,0,0,250,80,0,Y,2,2006,Normal,352003
137,40,Edwards,SLvl,108.6,10631,5,9,1915,1953,Gd,TA,1028,1505,1622,1,0,4,1,TA,8,0,1919.0,2,568,150,148,0,Y,11,2007,Partial,343574
138,80,Somerst,1Story,93.3,6936,6,6,1981,1996,Gd,TA,843,824,1012,3,1,5,1,TA,8,0,1982.0,1,323,0,134,0,Y,2,2008,Normal,429285
139,70,Gilbert,2Story,,6096,8,4,1907,1911,TA,TA,1009,2018,2049,3,1,1,1,Fa,5,0,,0,0,250,140,0,Y,1,2010,Normal,409199
140,90,Somerst,1Story,33.3,7341,9,4,1949,1972,Gd,TA,947,1485,1700,3,0,2,2,TA,5,0,1953.0,3,847,0,76,0,N,6,2009,Normal,507223
141,70,OldTown,1Story,71.9,11433,4,7,1935,1970,TA,Gd,1264,1844,2158,3,0,2,1,TA,6,0,1936.0,2,601,0,96,0,Y,7,2008,Normal,371984
142,30,Mitchel,1Story,104.3,10387,4,5,1901,1915,Gd,Gd,577,898,1260,2,1,3,1,Gd,7,1,,0,0,0,169,0,Y,4,2006,Normal,306594
143,60,Mitchel,SLvl,52.9,11404,10,8,1958,1991,TA,TA,663,540,981,2,1,1,1,Gd,4,2,,0,0,0,174,0,Y,11,2007,Normal,360607
144,70,Edwards,2Story,71.8,12603,5,8,2007,2010,TA,Fa,814,1059,1609,2,1,5,1,TA,9,0,2010.0,2,598,100,11,0,Y,4,2010,Family,342997
145,20,BrkSide,1Story,73.6,7865,4,2,1907,1936,Gd,Fa,1664,1986,2222,2,1,5,2,Gd,9,2,1907.0,2,558,0,167,0,Y,12,2006,Normal,347444
146,20,Edwards,1Story,90.7,16656,10,7,1990,2001,Gd,NA,922,1589,1827,1,0,2,1,Gd,6,2,,0,0,0,178,0,Y,8,2009,Normal,399664
147,20,Sawyer,1Story,,9376,6,4,1959,1960,Gd,Gd,727,1086,1554,3,1,3,2,TA,8,0,1959.0,3,830,0,188,0,Y,3,2008,Normal,387917
148,30,Gilbert,2Story,50.9,8680,10,6,1980,1993,TA,Gd,1243,1108,1332,2,0,3,1,Ex,5,0,1984.0,2,688,150,53,0,Y,5,2007,Normal,481973
149,90,Somerst,1Story,82.5,12526,10,4,1910,1946,TA,TA,1977,1654,2594,3,1,1,1,TA,5,1,1911.0,1,262,250,100,0,Y,1,2010,Normal,521865
150,30,CollgCr,1Story,53.6,2787,10,4,1996,2010,Gd,TA,1149,840,1256,1,0,5,1,Ex,9,2,,0,0,0,8,400,Y,11,2007,Abnorml,457696
151,30,NridgHt,1.5Fin,29.6,7180,7,4,1901,1932,TA,TA,888,1295,1327,2,0,4,1,TA,6,2,1903.0,1,212,150,21,0,Y,8,2009,Normal,515936
152,50,Edwards,1.5Fin,,14621,9,2,2000,2010,Gd,TA,836,1471,1999,2,1,2,1,Gd,6,2,2004.0,1,278,0,112,0,Y,6,2006,Normal,363897
153,50,OldTown,1Story,90.4,3203,10,8,1973,1987,TA,TA,615,567,859,3,1,3,2,TA,7,0,,0,0,250,41,0,Y,9,2010,Normal,329662
154,90,CollgCr,2Story,111.4,15194,4,3,1937,1949,TA,TA,1564,1701,2212,2,1,2,2,TA,7,2,1938.0,1,313,0,44,0,Y,8,2006,Normal,423220
155,20,Mitchel,1Story,89.2,16847,2,5,1900,1937,TA,NA,755,1339,1850,1,0,2,2,Gd,5,2,,0,0,200,59,0,N,8,2007,Family,342867
156,80,CollgCr,2Story,85.0,8948,4,3,1967,1989,TA,Gd,1775,1784,2032,2,0,2,1,Gd,4,1,,0,0,200,91,0,Y,5,2010,Normal,411240
157,30,Sawyer,1Story,78.1,11726,7,3,1909,1920,Gd,Fa,1440,1910,1943,3,1,1,1,Ex,4,0,,0,0,0,30,0,N,5,2009,Normal,389445
158,40,BrkSide,2Story,,15200,6,4,1967,1978,Gd,TA,1273,1284,1573,1,1,5,2,Gd,9,0,1969.0,1,325,0,160,0,Y,4,2009,Normal,343009
159,50,NAmes,2Story,,8539,2,9,1985,2010,TA,Gd,698,848,1040,2,1,4,2,Gd,8,0,1989.0,1,319,0,133,0,Y,10,2007,Normal,283506
160,90,Gilbert,2Story,,14145,7,9,1929,1931,Gd,NA,1190,1148,1608,1,0,5,2,Gd,8,2,1931.0,1,343,100,158,0,Y,6,2009,Normal,418291
161,30,Gilbert,1Story,46.5,7681,3,5,1926,1928,Ex,Fa,599,890,1107,3,1,1,2,TA,6,0,1930.0,2,546,100,185,0,Y,6,2010,Normal,385672
162,40,Edwards,1.5Fin,,8494,6,6,1924,1953,Gd,TA,1762,1306,1883,1,0,4,2,Gd,7,2,1925.0,2,454,150,120,0,Y,9,2009,Normal,381764
163,70,NridgHt,1Story,98.4,7143,7,9,1924,1924,TA,Gd,1279,1135,2062,2,1,3,2,Gd,6,0,,0,0,100,72,0,Y,7,2007,Normal,574345
164,70,Somerst,1Story,,11939,7,3,1912,1918,TA,Gd,1166,2240,2384,3,1,4,2,Gd,8,2,1913.0,3,934,200,195,0,Y,12,2010,Normal,524455
165,40,Somerst,2Story,43.2,15363,5,9,1927,1966,Fa,TA,777,1340,1803,3,0,5,2,Gd,8,2,1929.0,2,686,100,113,0,Y,3,2006,Normal,450047
166,30,Somerst,1Story,83.0,9727,5,2,1973,1990,Gd,Gd,1551,1596,2069,1,1,2,1,TA,5,1,1974.0,1,331,0,92,0,Y,1,2010,Partial,440590
167,80,BrkSide,1.5Fin,60.9,5161,8,3,1933,1962,Gd,Gd,1465,915,1557,1,1,1,1,TA,4,1,,0,0,0,83,0,Y,6,2006,Normal,327476
168,90,NridgHt,1.5Fin,80.7,5953,8,4,1986,2005,Gd,TA,1313,1363,1470,1,1,1,2,TA,4,0,1990.0,3,914,200,7,550,Y,7,2006,Normal,591904
169,60,Edwards,1Story,91.8,12157,9,2,1990,1993,TA,Ex,1535,1223,1952,2,1,3,2,Gd,8,0,1990.0,2,578,0,191,0,N,10,2006,Partial,415103
170,80,Mitchel,SLvl,,18245,5,8,1984,1991,Gd,TA,1360,1058,1439,3,0,1,2,Gd,6,2,1987.0,1,225,0,163,0,Y,8,2006,Abnorml,367137
171,40,BrkSide,1Story,56.1,12154,5,8,1959,1989,Fa,TA,1399,1628,1754,1,1,1,2,Gd,6,2,,0,0,0,139,0,Y,12,2009,Normal,353907
172,80,Mitchel,2Story,98.2,8875,4,5,1935,1938,TA,Ex,640,825,1091,1,0,1,2,TA,5,2,,0,0,150,44,0,Y,2,2007,Normal,278004
173,80,Sawyer,1Story,86.3,13718,6,8,2003,2010,TA,TA,896,1189,1227,2,1,2,1,Gd,5,1,2006.0,1,288,0,185,0,N,7,2006,Abnorml,339366
174,90,Edwards,SLvl,70.6,9494,3,8,1922,1935,TA,Ex,834,1211,1880,3,0,1,1,TA,5,0,,0,0,100,35,0,Y,10,2007,Normal,317959
175,90,Sawyer,1Story,69.5,8911,5,8,1951,1965,TA,Ex,1070,1788,2051,2,1,3,1,TA,7,0,,0,0,150,48,0,Y,7,2010,Normal,396311
176,40,Edwards,1Story,,6474,3,8,1950,1988,TA,TA,694,1091,1102,2,0,4,2,TA,9,2,1951.0,1,276,250,14,0,Y,4,2008,Normal,306706
177,20,OldTown,1Story,63.1,16415,6,6,1982,2006,Gd,TA,1008,1572,1972,3,0,2,2,TA,5,0,,0,0,100,57,0,Y,10,2009,Abnorml,352677
178,70,Somerst,SLvl,34.1,1500,9,2,1960,1984,TA,Gd,1358,1266,1469,3,0,1,1,Fa,5,0,1961.0,1,171,250,65,0,Y,11,2007,Normal,463722
179,70,Mitchel,1.5Fin,86.5,13851,10,9,1988,2002,TA,TA,1666,1278,1758,2,0,3,1,Gd,6,0,1988.0,3,863,150,158,0,Y,4,2008,Normal,482507
180,70,Gilbert,2Story,85.2,8552,6,6,2002,2010,TA,Gd,1407,2069,2330,2,1,1,1,Gd,5,1,2004.0,3,984,200,65,0,Y,7,2009,Partial,507120
181,70,Edwards,1.5Fin,20.0,8777,2,9,1943,1970,Gd,TA,1531,1858,1938,2,1,4,2,TA,9,2,,0,0,0,191,0,Y,10,2009,Normal,331976
182,20,Somerst,1.5Fin,81.2,17608,4,9,1997,1998,Fa,Gd,1237,1717,1982,1,1,2,1,TA,4,1,2000.0,2,619,250,60,0,N,2,2006,Normal,456766
183,70,OldTown,2Story,,7501,2,3,1918,1927,Fa,TA,1176,2395,2466,2,1,3,2,Gd,6,2,1918.0,3,1042,0,104,0,Y,1,2009,Normal,344511
184,50,NridgHt,1Story,45.2,7644,8,5,2001,2010,TA,TA,797,1110,1362,3,0,2,1,Gd,4,1,2003.0,2,574,0,118,0,N,9,2009,Normal,574851
185,20,Edwards,2Story,68.4,9952,10,3,1919,1943,Fa,Gd,675,1034,1277,1,1,2,1,Gd,5,2,1919.0,1,280,0,165,0,Y,10,2006,Normal,361478
186,80,Gilbert,2Story,66.0,12238,6,2,1994,1997,TA,TA,757,896,1303,3,0,1,2,TA,6,0,1994.0,1,301,150,150,0,Y,2,2007,Normal,361120
187,20,Edwards,1Story,106.5,8644,3,9,1943,1974,Gd,TA,753,1263,1453,2,1,3,2,Gd,6,1,,0,0,150,173,0,Y,8,2009,Normal,301377
188,30,Edwards,1Story,94.7,3890,2,9,2007,2010,TA,Ex,254,521,550,2,0,1,2,Ex,4,0,2008.0,1,249,0,187,0,Y,9,2006,Abnorml,247743
189,40,Mitchel,2Story,50.7,6864,10,9,1914,1923,Ex,TA,858,1388,1650,1,0,4,1,Ex,7,2,1917.0,3,778,250,23,0,Y,12,2009,Normal,445540
190,80,Edwards,1Story,77.5,15882,4,9,1951,1981,TA,TA,1202,877,1339,3,0,2,1,Fa,5,1,1951.0,2,471,0,18,0,Y,10,2010,Normal,314729
191,20,NAmes,SLvl,120.7,10814,3,7,2000,2010,TA,Gd,872,1551,1951,1,1,3,1,TA,5,0,2000.0,1,301,150,89,0,Y,3,2008,Normal,328616
192,50,Edwards,1Story,56.3,12395,3,6,1905,1921,Gd,NA,1009,1553,1744,2,1,3,2,Gd,7,0,,0,0,100,30,0,Y,7,2008,Normal,328160
193,40,Gilbert,1Story,69.8,9402,4,9,1929,1940,Gd,TA,906,1276,1312,1,1,4,1,TA,8,1,1930.0,3,797,150,98,0,Y,9,2006,Normal,388207
194,50,NAmes,1.5Fin,81.3,7730,7,6,1909,1920,TA,TA,1165,1215,1958,3,0,4,2,Gd,7,1,,0,0,200,117,0,Y,4,2009,Normal,382440
195,80,Edwards,1Story,,17546,10,7,1935,1958,TA,Fa,1436,1274,2097,1,0,3,1,TA,5,0,1938.0,2,600,250,55,0,Y,2,2010,Normal,419316
196,40,CollgCr,1Story,108.8,9710,4,3,1943,1944,Fa,NA,522,906,1231,3,1,5,2,TA,8,1,1946.0,1,311,200,19,0,Y,6,2010,Normal,377974
197,40,Gilbert,2Story,,8638,8,7,1968,1987,Gd,TA,1107,888,1463,2,1,2,1,Gd,4,2,1972.0,1,235,250,192,0,Y,9,2008,Normal,431958
198,50,Sawyer,1.5Fin,,15104,2,8,1928,1928,TA,TA,390,545,550,1,0,4,2,TA,8,2,,0,0,250,74,0,Y,7,2006,Normal,233429
199,50,Mitchel,1Story,,7466,2,7,1917,1918,Gd,Gd,795,761,1026,3,1,2,2,Fa,5,0,1919.0,1,318,0,167,0,N,8,2007,Normal,296906
200,90,Edwards,1Story,,8002,2,5,1918,1935,Gd,Gd,850,943,1194,3,0,4,1,Gd,7,2,1921.0,2,450,100,124,0,Y,8,2007,Normal,322587
201,40,BrkSide,2Story,,10543,10,3,2004,2010,TA,Fa,1144,1165,1786,1,1,3,2,Ex,6,2,2007.0,1,302,0,132,0,N,12,2006,Partial,400862
202,20,OldTown,SLvl,76.6,10501,7,2,2005,2010,TA,Gd,724,918,1221,3,1,5,1,TA,9,0,,0,0,250,156,400,Y,8,2006,Normal,317689
203,50,Sawyer,2Story,82.4,11590,9,7,1924,1927,TA,Fa,776,1468,1479,3,1,2,2,Gd,6,0,1925.0,1,345,250,53,0,Y,2,2008,Normal,379970
204,20,Gilbert,1Story,43.4,19285,2,7,1921,1930,Gd,Ex,649,741,962,3,0,3,2,TA,6,0,,0,0,250,43,0,Y,5,2006,Abnorml,354539
205,80,Sawyer,1Story,57.6,11912,2,8,1906,1922,Gd,Gd,676,904,1632,2,1,1,1,Gd,3,2,1909.0,1,308,200,199,0,Y,3,2006,Normal,317704
206,90,Sawyer,1Story,,1500,9,9,2006,2010,TA,Gd,1120,1272,1929,1,0,4,1,TA,7,2,2010.0,3,1110,200,133,0,Y,10,2010,Partial,426940
207,80,Gilbert,1Story,85.5,11870,2,5,1978,2010,Gd,TA,1347,1726,1743,2,0,1,1,TA,4,1,1980.0,3,560,200,58,0,Y,12,2009,Normal,442389
208,80,OldTown,2Story,58.1,10659,3,8,1984,2010,Gd,Gd,727,1573,1581,3,1,3,2,Fa,6,2,1986.0,3,784,0,129,0,Y,10,2010,Partial,364532
209,50,Gilbert,1Story,73.3,10682,6,7,1932,1953,Gd,Gd,396,587,910,2,0,1,1,Gd,3,1,,0,0,0,78,0,Y,3,2007,Abnorml,377554
210,70,BrkSide,2Story,63.8,11533,7,4,1971,1973,Gd,NA,1045,1139,1377,2,0,2,2,Fa,6,2,1974.0,1,267,100,171,0,Y,9,2007,Abnorml,334951
211,50,Mitchel,2Story,,10380,4,8,1906,1909,TA,TA,869,821,1404,3,1,3,2,TA,7,2,,0,0,0,101,0,Y,1,2009,Normal,328189
212,80,Mitchel,2Story,81.4,10279,6,2,1975,1981,Gd,TA,1225,1179,1456,2,0,2,2,TA,5,2,1979.0,1,278,200,62,0,Y,4,2009,Abnorml,348446
213,30,CollgCr,1Story,61.8,13075,8,6,1964,1990,TA,Gd,1589,1053,1736,1,0,2,2,TA,6,1,1965.0,2,571,200,138,0,Y,4,2007,Normal,472700
214,30,Gilbert,1.5Fin,80.5,8223,5,9,1936,1949,TA,Gd,2139,2121,2309,3,0,1,1,Gd,3,1,1936.0,3,807,250,150,0,Y,6,2010,Normal,489281
215,90,CollgCr,2Story,,6520,5,7,1978,1987,TA,TA,1278,1960,2015,2,1,4,2,TA,9,0,1978.0,1,259,200,74,0,Y,4,2009,Normal,404753
216,40,NridgHt,2Story,,23200,2,9,1971,1997,TA,Ex,587,676,1076,2,0,4,2,Gd,9,2,,0,0,0,150,0,Y,6,2007,Normal,488745
217,40,Mitchel,1Story,80.4,7493,6,2,1948,1980,TA,TA,1452,1498,1976,2,0,3,1,Gd,5,0,1952.0,1,291,0,46,0,Y,1,2006,Partial,390296
218,70,NAmes,1Story,122.2,10921,9,6,1920,1937,TA,NA,1515,1211,2032,3,1,1,2,TA,4,1,1924.0,1,249,0,47,0,Y,10,2006,Normal,416395
219,40,NridgHt,SLvl,,4218,7,8,1902,1937,Gd,Gd,956,905,1288,3,0,1,1,Ex,3,1,1902.0,2,636,150,165,0,Y,5,2010,Normal,524799
220,70,Mitchel,1Story,66.9,10989,10,7,2004,2010,TA,NA,1245,1250,2157,3,0,4,1,TA,8,2,,0,0,0,124,0,N,10,2010,Normal,462544
221,50,BrkSide,1Story,,6580,3,9,1931,1959,Ex,Gd,652,1002,1498,3,1,5,2,Gd,10,2,1934.0,2,648,250,7,0,Y,1,2008,Normal,342185
222,80,Edwards,1Story,,8642,2,5,1933,1967,TA,Gd,450,869,873,1,1,5,1,Gd,7,2,1934.0,1,235,0,135,200,Y,11,2009,Normal,257834
223,20,CollgCr,2Story,,14889,6,7,1975,1982,TA,Gd,906,1065,1868,3,0,3,2,TA,7,2,1977.0,2,424,100,61,400,N,8,2010,Normal,442943
224,70,Mitchel,SLvl,84.6,12482,3,5,1928,1958,Gd,NA,786,1573,1679,3,1,3,1,Gd,5,2,1928.0,3,839,200,54,0,Y,3,2006,Normal,419338
225,40,Mitchel,1Story,86.2,12887,7,8,1941,1979,Gd,TA,1424,916,1566,1,0,1,2,Fa,6,1,,0,0,0,84,0,Y,10,2010,Normal,356406
226,50,Gilbert,SLvl,76.5,3061,10,2,1978,2010,Ex,TA,706,1365,1732,2,0,1,1,Fa,3,1,1980.0,3,992,0,90,0,Y,9,2008,Normal,452242
227,90,Mitchel,1Story,63.5,18215,5,4,1966,1989,Ex,Gd,936,964,1280,3,1,4,2,Gd,7,2,,0,0,0,178,0,Y,9,2008,Normal,372848
228,50,NAmes,2Story,59.1,5494,6,2,1972,2002,TA,Fa,1790,1883,1943,2,0,3,2,Gd,8,1,1976.0,3,891,0,87,0,Y,11,2006,Normal,400232
229,20,NridgHt,2Story,,16920,8,7,1900,1935,Gd,TA,1004,1074,1679,3,0,3,2,Ex,8,1,1902.0,1,309,150,59,0,Y,12,2009,Normal,547821
230,50,NAmes,1Story,57.7,14790,3,3,1950,1984,TA,TA,1142,1044,1655,2,0,2,2,TA,6,0,1953.0,2,451,150,154,0,Y,2,2009,Family,358447
231,30,Mitchel,1Story,41.5,12925,10,4,1952,1987,TA,TA,1504,1704,1921,1,1,2,2,Gd,7,1,1956.0,3,1004,100,108,0,Y,4,2006,Partial,461874
232,50,NridgHt,1Story,99.9,6909,3,8,1970,2003,Gd,TA,586,895,1021,1,0,5,1,Fa,7,1,1972.0,2,547,0,0,0,Y,1,2009,Abnorml,485804
233,30,Mitchel,SLvl,110.4,11137,9,4,1916,1931,Gd,TA,859,1120,1296,3,1,5,2,Fa,8,0,1917.0,1,276,100,126,0,Y,1,2006,Abnorml,378665
234,70,Gilbert,2Story,27.4,8522,7,3,1917,1946,Gd,Gd,573,379,675,3,0,4,2,Gd,8,2,1921.0,3,843,0,100,0,Y,2,2007,Normal,378259
235,30,NAmes,SLvl,76.4,10622,3,2,1984,2000,TA,Fa,1495,1231,1846,2,1,2,1,TA,5,2,1984.0,1,326,0,114,0,Y,9,2009,Normal,354812
236,50,NAmes,1.5Fin,76.0,9451,8,3,1974,2006,Gd,Gd,944,1038,1118,2,1,4,1,Gd,7,2,1975.0,2,500,150,36,0,Y,8,2009,Abnorml,376787
237,90,Edwards,1Story,74.6,1938,3,9,1990,2010,Gd,NA,1545,1344,1639,2,1,2,2,TA,7,0,1990.0,2,423,250,95,0,Y,1,2006,Normal,368313
238,70,Sawyer,2Story,57.0,15211,7,6,1930,1967,Fa,Gd,1119,1521,1853,3,0,3,1,Gd,7,0,1933.0,1,293,100,129,0,Y,6,2008,Abnorml,382266
239,70,CollgCr,1Story,92.5,10159,10,9,2010,2010,TA,Gd,1654,1393,2039,3,1,1,2,TA,4,0,,0,0,0,135,0,Y,2,2007,Normal,480832
240,80,BrkSide,1Story,79.0,8464,10,3,1930,1949,Gd,Gd,857,782,1172,3,0,4,1,Gd,8,2,1931.0,1,268,250,136,0,Y,3,2009,Abnorml,375811
241,90,OldTown,1.5Fin,92.8,8147,9,4,1972,1978,TA,TA,1298,1653,1694,3,1,1,2,TA,4,2,1975.0,3,982,0,199,0,Y,1,2010,Normal,380741
242,90,Somerst,2Story,,12006,6,3,1918,1943,TA,Gd,1978,2151,2452,3,1,4,2,Gd,8,1,1919.0,2,606,200,100,0,Y,7,2009,Abnorml,505757
243,80,OldTown,1Story,39.6,6746,7,5,2001,2010,TA,Fa,2029,1516,2498,2,0,4,2,TA,8,0,2002.0,2,643,250,85,0,Y,1,2009,Normal,409481
244,40,Somerst,2Story,79.6,1500,4,6,1936,1956,Gd,TA,1840,2016,2074,1,1,1,2,Fa,5,1,1938.0,1,305,250,108,0,Y,10,2008,Normal,439024
245,60,Somerst,2Story,,12210,10,8,1989,2010,TA,Gd,1132,1553,1912,2,0,3,2,TA,6,2,1989.0,2,753,0,65,0,Y,12,2008,Partial,550774
246,80,NAmes,1.5Fin,93.2,12680,6,4,1936,1970,Gd,TA,887,817,1168,3,0,2,2,TA,6,1,1940.0,1,256,0,63,0,Y,11,2007,Normal,318943
247,60,Gilbert,2Story,23.2,9662,8,8,1987,1992,TA,TA,1133,1490,2045,2,0,3,1,Gd,5,0,,0,0,150,138,0,Y,10,2010,Normal,438361
248,30,Sawyer,1Story,,5679,5,7,1950,1967,Gd,Fa,1126,1358,1549,1,0,1,2,Gd,6,1,,0,0,200,62,0,Y,10,2007,Normal,346605
249,60,Mitchel,1Story,56.4,10874,8,4,1906,1934,TA,Gd,1601,1416,1969,3,1,4,2,Gd,7,2,1906.0,1,318,200,149,0,Y,11,2010,Normal,416941
250,30,Edwards,1Story,62.7,4349,4,9,1921,1953,TA,NA,1082,1051,1296,3,1,3,1,Fa,6,2,1923.0,2,555,100,149,0,Y,11,2009,Normal,329339
251,70,BrkSide,2Story,75.7,6186,8,5,1975,2006,Fa,Ex,1020,1406,1617,2,0,2,1,Gd,4,1,1976.0,1,349,0,190,0,Y,3,2010,Normal,387154
252,80,BrkSide,1.5Fin,,7347,2,3,1921,1952,TA,TA,1107,1039,1629,2,0,5,2,Gd,8,2,,0,0,150,26,0,Y,8,2009,Normal,304568
253,70,Mitchel,1Story,84.1,14045,2,9,1930,1964,Gd,TA,974,1626,1668,1,0,4,2,TA,8,0,1934.0,1,336,150,72,0,Y,4,2007,Normal,328258
254,60,Edwards,1Story,86.6,8977,5,9,1960,1998,Gd,TA,918,1323,1862,3,1,4,1,Gd,8,2,1962.0,1,304,100,154,0,Y,11,2007,Partial,369206
255,60,BrkSide,1Story,66.2,8619,6,2,1928,1952,TA,Ex,745,1014,1372,1,1,1,1,TA,4,0,1931.0,2,557,150,85,0,Y,1,2006,Normal,321079
256,60,Gilbert,2Story,116.4,18710,8,9,1914,1923,Gd,TA,951,912,1055,2,1,3,1,Gd,7,1,1917.0,1,302,0,131,0,Y,6,2010,Normal,415672
257,50,NAmes,1.5Fin,,11980,5,9,1969,1991,Ex,Gd,1371,1982,2405,2,0,4,2,Ex,9,1,1970.0,1,290,200,147,0,Y,5,2006,Normal,425401
258,30,OldTown,1Story,63.1,11924,2,8,1976,2004,TA,Gd,2569,2053,2745,1,1,5,2,TA,9,2,,0,0,0,176,0,Y,11,2010,Normal,391521
259,70,NridgHt,1Story,67.0,8947,4,4,1981,1985,Gd,Gd,967,1529,1815,2,0,4,1,TA,8,0,1985.0,2,543,200,45,0,Y,4,2009,Normal,541247
260,40,CollgCr,2Story,62.7,7995,5,7,2004,2010,Ex,TA,789,946,989,3,0,1,1,Fa,4,0,2008.0,3,756,200,52,0,Y,11,2006,Normal,408445
261,30,Somerst,1Story,78.0,1500,6,6,1913,1934,TA,Gd,915,1164,1279,3,1,4,1,Gd,7,2,1915.0,2,533,150,94,550,Y,6,2010,Normal,431409
262,80,Sawyer,1.5Fin,48.6,14569,7,6,1947,1984,Fa,TA,1503,1768,1919,2,0,1,1,Gd,5,1,1949.0,1,213,200,101,0,Y,9,2006,Normal,399418
263,60,CollgCr,1Story,52.6,12383,4,6,1925,1933,TA,NA,1692,1495,2244,1,0,2,2,Gd,6,2,1925.0,1,314,250,181,0,Y,7,2006,Abnorml,441158
264,60,Somerst,1Story,22.3,9748,7,7,2000,2010,Gd,TA,862,807,1093,3,0,5,1,Gd,9,1,2001.0,1,231,0,7,0,Y,6,2008,Normal,418436
265,60,OldTown,SLvl,,9924,7,6,1959,1976,TA,TA,1451,1291,1615,1,1,5,2,TA,8,1,,0,0,100,49,0,Y,4,2006,Normal,331595
266,20,Gilbert,1Story,93.4,13592,8,7,1910,1932,TA,TA,1274,1022,1794,3,1,5,1,Gd,8,2,,0,0,150,182,0,Y,4,2006,Normal,429955
267,60,OldTown,1Story,66.7,3970,6,6,1976,2002,Ex,Gd,903,1851,2065,2,0,2,1,TA,5,2,1980.0,3,941,250,122,0,Y,8,2009,Family,391599
268,60,Mitchel,1Story,67.9,8022,9,2,1904,1927,TA,TA,856,1085,1560,2,1,4,2,TA,7,2,1904.0,3,627,200,135,0,Y,4,2010,Normal,421907
269,60,NAmes,1Story,76.1,5728,3,2,1930,1966,TA,Gd,651,558,824,2,0,4,2,Gd,9,2,1931.0,3,829,150,49,0,N,11,2006,Normal,357977
270,20,Mitchel,1Story,48.0,17940,8,9,1980,1986,TA,Gd,1342,1332,1998,2,1,2,1,TA,4,0,1981.0,2,597,100,124,0,Y,2,2009,Normal,397305
271,80,Sawyer,1Story,70.6,14178,2,9,1956,1985,Gd,Gd,1466,1416,2090,1,0,5,2,Gd,8,0,1960.0,3,846,0,73,0,Y,3,2009,Normal,379129
272,60,BrkSide,1Story,89.6,1500,2,6,1984,2010,TA,TA,1100,1060,1510,2,1,5,2,TA,8,2,1986.0,1,334,0,146,0,Y,1,2006,Normal,312824
273,80,BrkSide,1Story,,4142,9,3,1963,1971,Gd,Gd,1172,1578,1920,2,0,1,1,Gd,5,1,1963.0,1,247,100,18,0,Y,11,2006,Normal,389919
274,60,CollgCr,2Story,91.5,9944,6,8,1993,2003,Ex,Gd,1174,1156,1422,3,1,4,2,TA,7,0,,0,0,250,56,0,Y,5,2008,Family,431474
275,40,Mitchel,2Story,,8516,7,3,1962,1981,Gd,Fa,1013,844,1269,2,0,3,2,Gd,6,0,,0,0,250,128,0,Y,1,2009,Normal,364169
276,80,Gilbert,1Story,84.6,4938,7,5,1906,1934,TA,Gd,1719,1394,2168,3,1,4,2,Ex,9,1,1909.0,2,517,150,120,0,Y,1,2007,Normal,466802
277,40,Mitchel,1Story,54.3,18668,8,4,1907,1945,Ex,TA,1496,1739,1886,1,1,3,1,Gd,5,1,,0,0,0,168,0,Y,12,2008,Partial,401814
278,50,BrkSide,2Story,62.4,11813,4,2,1986,2010,TA,TA,1633,1086,1835,1,0,2,1,Gd,4,2,1986.0,3,821,200,160,0,Y,11,2008,Normal,377517
279,20,Gilbert,1.5Fin,112.5,12494,3,8,1904,1935,TA,TA,1670,1793,2296,1,0,1,2,TA,4,2,1908.0,3,988,100,2,0,Y,4,2009,Normal,443186
280,30,Edwards,1.5Fin,76.9,7594,2,6,1941,1958,Ex,Ex,973,819,1044,3,0,3,2,Gd,7,2,1944.0,1,229,150,18,0,Y,8,2007,Normal,305034
281,20,CollgCr,1Story,74.0,13534,9,4,1901,1926,TA,Ex,680,1180,1460,1,0,5,2,Fa,8,1,1901.0,2,747,100,70,0,Y,4,2009,Normal,402390
282,50,CollgCr,1Story,51.1,8902,4,6,1933,1941,Fa,Fa,1253,1590,1676,1,1,5,1,Gd,9,2,,0,0,200,191,0,Y,11,2010,Normal,433585
283,40,Edwards,1Story,68.0,9310,7,2,1966,1984,Ex,TA,1115,1166,1404,3,0,2,2,Gd,5,2,1966.0,1,283,0,95,0,Y,9,2008,Normal,371539
284,40,BrkSide,1Story,85.8,13066,6,5,1919,1926,TA,Ex,1342,2002,2026,2,1,5,1,Gd,8,2,,0,0,0,178,0,Y,6,2009,Normal,369707
285,80,Gilbert,2Story,70.3,3658,3,6,1951,1952,Fa,Gd,829,1399,1485,2,0,2,1,Gd,4,1,,0,0,0,11,0,Y,12,2006,Normal,352845
286,70,Somerst,1Story,58.6,17208,5,4,2010,2010,TA,TA,807,743,1149,3,0,3,2,TA,6,0,,0,0,250,192,0,Y,3,2010,Abnorml,412120
287,80,OldTown,1Story,63.7,11266,2,8,1907,1939,TA,Gd,950,1042,1582,3,0,2,2,Gd,5,0,1909.0,3,661,0,12,0,Y,12,2007,Normal,325626
288,80,Gilbert,1Story,96.2,15880,3,3,1907,1927,TA,TA,1491,1168,1657,3,1,3,1,TA,7,2,1908.0,2,786,0,161,0,Y,4,2006,Normal,366094
289,30,NridgHt,2Story,84.7,5983,3,3,1930,1930,TA,TA,1207,1470,2024,2,0,3,1,Ex,7,2,1932.0,3,781,0,175,0,Y,11,2008,Normal,539666
290,60,Mitchel,1Story,81.7,6623,9,6,1991,1994,Gd,TA,950,1529,1914,2,0,4,2,Gd,7,2,1994.0,3,781,200,58,0,Y,11,2007,Normal,443988
291,80,Sawyer,1.5Fin,79.7,5620,7,9,1945,1949,Gd,Fa,1360,1241,1896,1,0,3,2,Gd,6,2,1945.0,3,956,0,60,0,Y,7,2008,Normal,403488
292,40,NridgHt,1Story,44.0,11551,10,5,1970,1998,TA,TA,1176,1238,1904,2,0,3,1,TA,7,1,1973.0,3,1058,250,116,550,Y,2,2010,Normal,590629
293,50,Mitchel,SLvl,76.0,10777,5,2,1903,1911,Gd,Fa,695,1107,1535,3,0,4,2,TA,8,0,,0,0,250,144,0,Y,10,2008,Normal,336111
294,60,Somerst,1Story,93.5,8549,3,9,1981,1991,Gd,TA,875,1050,1231,1,1,3,2,Fa,6,0,1985.0,3,696,150,24,0,Y,9,2007,Normal,437153
295,80,Mitchel,1.5Fin,64.3,6241,7,5,1907,1941,Gd,TA,1262,1559,1814,3,1,3,2,Gd,6,2,1907.0,2,577,0,47,0,Y,11,2010,Normal,418649
296,30,Edwards,1.5Fin,91.5,5180,10,3,1979,2010,TA,TA,788,1573,1590,1,0,1,2,Ex,5,0,,0,0,150,150,0,Y,3,2007,Abnorml,348760
297,50,CollgCr,SLvl,,10296,6,6,1916,1946,TA,TA,1793,1578,2461,1,1,5,1,TA,8,1,,0,0,150,161,0,Y,3,2010,Normal,430532
298,30,Somerst,1.5Fin,88.2,8545,2,4,1995,2007,Gd,Ex,1562,1595,2194,2,1,1,2,TA,5,2,1998.0,3,644,0,30,0,Y,5,2010,Normal,470726
299,70,CollgCr,2Story,71.1,7620,4,9,1932,1955,Gd,NA,1572,1874,1904,1,1,5,2,TA,8,1,1933.0,3,744,200,177,0,Y,5,2008,Normal,417717
300,30,CollgCr,2Story,89.5,16998,10,4,1920,1928,Gd,NA,1157,1662,1932,3,1,4,1,Gd,7,2,1921.0,1,280,100,173,0,Y,1,2009,Normal,482278
301,40,BrkSide,2Story,37.8,10154,6,6,1937,1971,Gd,Gd,863,1313,1608,2,0,5,1,TA,7,1,,0,0,200,173,0,Y,2,2009,Normal,350665
302,40,Sawyer,1Story,70.7,15834,10,6,1900,1903,TA,TA,1057,908,1145,2,1,1,1,Gd,4,2,1902.0,1,270,150,48,0,Y,6,2010,Normal,357888
303,20,OldTown,2Story,,8260,6,3,1918,1947,Gd,TA,1096,903,1546,2,1,2,2,Fa,5,0,,0,0,250,133,0,Y,12,2008,Normal,313732
304,70,BrkSide,2Story,76.5,11528,2,5,1966,1986,Fa,NA,663,1522,1599,1,0,1,2,Gd,4,1,1968.0,2,618,0,32,0,N,2,2008,Normal,295229
305,40,NAmes,1.5Fin,94.1,10267,9,2,1933,1963,Gd,TA,1562,1526,1835,3,0,3,1,TA,7,0,1934.0,1,306,0,39,0,Y,3,2007,Partial,398146
306,50,OldTown,1Story,66.5,3370,8,7,1939,1957,Ex,Ex,979,1554,1925,3,1,5,2,Gd,9,0,,0,0,0,14,0,Y,11,2008,Normal,381118
307,70,Sawyer,1Story,58.0,16499,8,8,1989,1995,TA,TA,1783,1698,2142,1,1,4,1,TA,7,2,1992.0,3,1044,250,98,0,Y,1,2009,Normal,430447
308,80,Edwards,2Story,33.9,9932,10,9,1913,1943,Gd,Gd,1117,1030,1418,1,0,4,1,TA,6,1,1913.0,3,744,250,142,0,Y,2,2008,Family,377286
309,90,Sawyer,1Story,64.0,13635,3,4,1943,1968,Gd,TA,1163,829,1247,1,1,5,1,TA,7,1,1944.0,3,1049,250,39,0,Y,11,2007,Normal,298383
310,30,BrkSide,1Story,81.4,7341,10,4,1920,1938,Gd,TA,2278,2177,2446,1,1,1,1,Gd,5,1,1923.0,3,1083,0,37,0,Y,4,2008,Normal,457779
311,70,NAmes,1Story,86.7,9808,4,6,1953,1967,TA,TA,1085,1535,1970,2,1,4,2,Gd,9,0,,0,0,0,55,0,Y,4,2008,Normal,371503
312,40,NAmes,1Story,,6859,10,7,1936,1949,Gd,Gd,1284,883,1562,3,0,2,2,TA,6,0,1937.0,3,964,0,39,0,Y,1,2006,Partial,439288
313,80,Mitchel,1Story,95.9,15691,3,9,1905,1924,TA,TA,875,1112,1524,2,0,4,1,TA,6,2,1909.0,3,470,200,166,0,Y,5,2009,Normal,382853
314,50,Gilbert,1Story,,11808,6,2,1907,1917,TA,TA,1194,1549,1601,1,1,4,2,TA,8,0,1909.0,3,817,0,33,400,N,12,2010,Normal,393583
315,20,Gilbert,1Story,,12042,9,3,1994,2005,TA,Gd,1268,1250,1740,1,1,4,1,Gd,6,1,1996.0,1,324,100,55,0,Y,12,2007,Normal,462500
316,80,Somerst,1Story,57.5,16204,2,4,1906,1917,TA,Gd,764,1308,1777,2,1,3,2,Gd,6,0,1909.0,1,317,150,61,0,Y,8,2007,Normal,378764
317,80,Somerst,1Story,79.2,15357,2,4,1986,1986,TA,Gd,1115,2299,2767,1,0,4,2,Gd,7,2,1987.0,3,694,0,40,0,N,9,2006,Partial,497602
318,40,NridgHt,2Story,72.1,13714,9,5,2001,2010,TA,Fa,784,1654,1816,2,0,3,2,TA,7,0,,0,0,100,188,0,Y,8,2008,Family,586108
319,80,Gilbert,1Story,84.9,4529,2,8,1951,1960,TA,TA,879,1589,1868,1,0,4,2,Gd,8,1,1951.0,2,357,150,41,0,Y,9,2008,Normal,399545
320,50,CollgCr,SLvl,,7578,7,2,1934,1940,TA,TA,469,807,865,1,0,3,1,Gd,6,2,1936.0,3,890,200,97,0,Y,7,2010,Normal,414656
321,50,NridgHt,1.5Fin,78.8,6284,10,8,1986,1992,TA,TA,1364,912,1517,2,1,2,1,TA,6,1,1988.0,3,614,0,113,0,Y,3,2010,Normal,593276
322,40,NridgHt,1Story,57.3,13556,7,6,2009,2010,Ex,Fa,1552,2188,2265,1,0,2,1,TA,4,1,2010.0,2,650,100,52,200,Y,11,2009,Normal,605068
323,50,CollgCr,1Story,80.1,11217,6,6,1913,1932,TA,TA,1545,1763,1843,2,0,2,1,TA,4,1,1916.0,3,982,0,94,0,Y,11,2007,Normal,433454
324,90,Edwards,2Story,112.8,4660,5,7,2007,2010,Gd,Gd,538,490,625,1,1,4,2,Gd,9,1,2007.0,3,783,0,34,0,Y,2,2006,Normal,316916
325,20,Sawyer,1.5Fin,84.4,9707,7,2,2004,2010,TA,Gd,1607,1661,1999,1,1,5,2,Gd,8,0,2007.0,3,903,150,96,0,Y,2,2008,Normal,416847
326,60,NridgHt,2Story,90.8,4225,7,7,1915,1918,Gd,Ex,1597,1676,2596,2,1,1,2,TA,4,1,,0,0,100,3,0,Y,10,2009,Partial,588405
327,30,CollgCr,1.5Fin,,10277,6,3,1906,1918,Ex,Fa,606,520,692,1,1,1,1,Gd,5,1,,0,0,0,87,0,Y,1,2006,Normal,337826
328,20,NAmes,2Story,78.5,3547,3,6,1979,1988,Ex,TA,1862,1478,2304,3,1,3,1,TA,5,2,1980.0,1,234,0,72,0,Y,10,2008,Normal,400704
329,20,Gilbert,2Story,64.1,12721,7,7,1908,1940,Gd,TA,546,378,675,3,1,4,2,Gd,7,1,1908.0,1,305,250,70,0,Y,12,2006,Abnorml,376762
330,40,Somerst,1Story,55.0,12087,8,6,1966,1968,Ex,TA,1926,2132,2150,2,1,1,2,TA,6,2,1968.0,1,214,200,22,0,Y,1,2007,Normal,517402
331,70,Mitchel,2Story,69.5,18513,8,4,1907,1924,Gd,Fa,1237,1130,1696,1,0,2,1,Gd,5,0,,0,0,250,199,0,Y,10,2007,Normal,361158
332,70,Gilbert,1Story,72.4,14061,2,5,1976,2007,TA,NA,380,449,550,2,0,1,1,TA,3,1,1979.0,2,550,0,5,0,Y,2,2006,Normal,290461
333,80,Mitchel,2Story,56.3,8724,8,5,1925,1958,Gd,TA,1703,1311,1914,2,1,1,1,TA,5,1,,0,0,0,29,0,Y,4,2007,Abnorml,400135
334,30,OldTown,1.5Fin,74.1,13936,8,2,1910,1930,Fa,Gd,1464,1614,2252,2,1,1,1,Ex,3,2,1912.0,3,873,0,20,0,Y,7,2009,Normal,389101
335,20,Somerst,1Story,66.2,4630,3,7,1907,1915,TA,Gd,1481,1275,1750,3,0,4,2,Gd,9,1,1908.0,2,508,0,195,0,N,9,2010,Normal,431564
336,90,CollgCr,2Story,85.5,6458,9,2,1920,1933,Gd,TA,862,1406,2006,3,0,5,2,Gd,9,2,1923.0,3,1066,100,63,0,Y,2,2009,Normal,474347
337,90,Gilbert,1Story,75.0,11899,6,5,1960,1968,Gd,TA,582,1215,1452,2,0,3,1,TA,7,0,,0,0,150,86,0,Y,2,2007,Normal,379176
338,70,CollgCr,2Story,78.3,1500,6,7,1908,1934,TA,TA,522,743,757,1,1,1,1,Ex,5,2,1910.0,1,289,0,150,0,Y,4,2010,Normal,353518
339,80,Somerst,1Story,91.5,10344,8,2,1989,2000,Gd,Gd,895,1510,2032,1,0,5,2,Gd,10,2,1989.0,3,864,0,10,0,Y,9,2008,Normal,539018
340,80,Edwards,SLvl,82.2,6215,6,9,1967,1992,TA,TA,2333,2460,2490,3,0,2,1,TA,4,1,1970.0,1,320,100,13,0,Y,5,2007,Normal,409359
341,60,CollgCr,1Story,69.9,10925,6,5,1933,1959,TA,TA,884,1864,2192,2,0,1,2,TA,6,0,1935.0,2,606,0,36,0,Y,4,2010,Normal,458356
342,50,NAmes,SLvl,24.1,5974,4,2,2009,2010,TA,Gd,513,532,646,1,1,1,2,TA,4,1,,0,0,100,135,0,Y,2,2007,Normal,274692
343,90,Gilbert,1.5Fin,81.3,12282,10,7,1973,1987,Gd,Fa,546,672,1023,2,0,2,1,Gd,4,2,1973.0,3,928,150,195,0,Y,12,2009,Abnorml,434574
344,70,Mitchel,2Story,,10581,10,6,1974,2010,TA,TA,1253,777,1344,3,0,4,1,Fa,7,1,1977.0,1,207,250,124,0,Y,9,2006,Normal,420123
345,90,CollgCr,2Story,68.1,16382,3,7,1919,1935,Gd,Gd,494,756,810,2,1,2,1,Ex,4,0,1922.0,3,626,0,174,0,Y,12,2007,Normal,356994
346,30,Somerst,2Story,78.2,10528,8,8,1978,2005,TA,Gd,714,1391,1721,1,0,3,1,Ex,6,1,1980.0,1,277,0,176,0,Y,6,2010,Normal,459559
347,30,OldTown,SLvl,99.3,7272,2,5,1962,1988,Fa,TA,721,1281,1739,3,0,2,2,TA,5,2,,0,0,250,55,0,Y,10,2007,Normal,327412
348,70,BrkSide,1Story,110.5,9463,5,8,2009,2010,Gd,TA,661,859,938,1,0,5,2,Gd,9,0,2012.0,2,606,150,36,0,Y,8,2010,Normal,283591
349,90,Somerst,2Story,,4854,10,4,1953,1971,TA,Gd,2001,1464,2123,3,0,4,1,TA,7,1,1956.0,1,281,100,32,0,Y,7,2008,Normal,523301
350,60,Mitchel,1Story,,12206,3,6,1975,2006,TA,TA,1750,1682,1864,2,1,4,1,Gd,7,1,1976.0,1,303,200,158,550,Y,6,2010,Normal,388605
351,50,OldTown,2Story,77.2,12977,5,3,1937,1951,TA,TA,797,950,1362,1,0,3,2,Gd,7,2,1939.0,3,691,250,133,0,Y,7,2008,Normal,350687
352,20,NAmes,1Story,75.3,20871,3,6,1904,1923,Gd,Ex,993,1439,1492,1,1,3,2,TA,8,1,1908.0,1,280,0,172,0,Y,5,2008,Partial,310253
353,30,Gilbert,2Story,43.6,7888,8,4,1914,1933,TA,TA,348,512,764,3,1,5,2,Gd,8,1,1915.0,1,226,250,101,0,Y,8,2007,Abnorml,414517
354,30,NridgHt,2Story,69.6,9375,6,7,1996,2010,Gd,TA,1024,912,1491,3,0,4,1,TA,8,1,1999.0,2,591,150,195,0,Y,6,2007,Normal,570304
355,30,Mitchel,1Story,83.1,8082,7,8,1981,2005,Gd,Gd,1225,1451,1679,1,1,5,1,TA,8,1,,0,0,150,178,0,Y,12,2010,Family,352198
356,70,BrkSide,2Story,42.9,11391,10,8,1940,1943,TA,Gd,985,1141,1831,2,0,1,1,Ex,4,1,1942.0,3,882,250,161,0,Y,11,2008,Normal,395442
357,70,BrkSide,2Story,48.1,12103,6,9,1977,2009,TA,Gd,1349,1790,1832,3,1,5,1,TA,8,0,,0,0,0,160,400,N,6,2008,Normal,366515
358,50,NridgHt,2Story,,10276,8,2,1900,1930,Gd,TA,1626,1536,1817,3,0,5,2,TA,8,0,,0,0,200,24,0,Y,5,2007,Normal,534566
359,90,Edwards,1Story,65.3,15063,2,3,1904,1908,Fa,Fa,570,931,1423,3,0,4,1,TA,8,2,,0,0,100,148,0,Y,10,2009,Normal,278908
360,50,Somerst,2Story,85.3,7909,3,9,1956,1994,Gd,TA,901,1103,1712,1,1,5,1,Ex,7,1,1956.0,1,289,250,189,0,Y,8,2007,Normal,424182
361,50,CollgCr,SLvl,62.8,14642,10,5,1969,1995,TA,NA,1150,2155,2231,2,1,3,1,TA,7,1,1969.0,2,428,100,58,0,Y,3,2007,Partial,475078
362,60,Somerst,1Story,71.2,12762,9,2,2004,2007,TA,Gd,786,1383,1679,3,1,2,2,TA,5,1,2006.0,2,506,200,162,0,Y,11,2006,Normal,472342
363,60,Edwards,1Story,119.4,10449,7,4,1984,2003,Gd,TA,898,1740,1827,1,0,4,2,TA,9,2,1985.0,3,660,100,70,0,N,9,2010,Normal,399387
364,30,NAmes,1Story,49.0,9177,5,8,1928,1961,TA,TA,1143,921,1536,1,1,4,2,Gd,8,2,1929.0,3,637,0,42,0,Y,8,2006,Normal,340496
365,40,OldTown,2Story,55.6,20692,3,4,1990,2001,TA,TA,577,1222,1265,3,0,1,1,Gd,4,1,1991.0,1,285,0,146,0,Y,10,2010,Abnorml,319693
366,70,Gilbert,1Story,84.9,7069,9,2,1954,1991,TA,Fa,1593,1549,1976,3,1,2,2,TA,7,0,1956.0,3,907,250,33,0,Y,3,2007,Abnorml,497474
367,80,Edwards,2Story,91.7,11751,9,7,1991,2007,TA,TA,1295,1241,1458,1,1,2,1,TA,4,2,,0,0,200,96,0,Y,10,2006,Normal,363987
368,50,Mitchel,2Story,79.1,7349,4,3,1919,1928,Fa,TA,1624,1282,1785,3,0,3,1,TA,6,0,,0,0,0,187,0,Y,2,2010,Normal,332673
369,20,Somerst,1Story,109.8,18000,7,4,1902,1916,TA,NA,1289,974,1689,2,0,1,1,TA,5,0,1906.0,1,280,250,31,0,Y,10,2009,Normal,452736
370,80,Mitchel,1.5Fin,77.0,14225,7,2,1906,1926,Gd,NA,778,1500,1529,2,0,4,1,Gd,6,0,1908.0,2,538,150,31,0,Y,8,2009,Partial,366826
371,60,NridgHt,2Story,,7651,6,6,2009,2010,Gd,NA,667,1489,1492,2,0,1,2,TA,4,1,,0,0,0,188,0,Y,7,2008,Normal,501277
372,50,NAmes,1Story,72.1,12653,10,5,1908,1945,TA,Gd,795,1075,1506,3,1,5,2,Gd,9,1,1912.0,3,787,200,155,0,Y,9,2009,Normal,439989
373,60,OldTown,1Story,57.4,11582,3,8,2004,2010,TA,Ex,729,765,785,2,0,4,2,Ex,7,0,2006.0,1,227,0,92,0,Y,4,2006,Normal,276046
374,80,Sawyer,1Story,100.4,8330,4,4,1980,2010,TA,TA,1658,1116,1784,2,1,2,1,Ex,6,0,1983.0,1,246,250,81,0,Y,10,2007,Normal,342968
375,20,Gilbert,1Story,91.2,13684,2,3,1916,1937,Gd,TA,1013,1029,1661,3,1,2,2,Fa,7,0,1918.0,2,567,100,192,550,Y,1,2008,Normal,376128
376,40,Edwards,1Story,35.0,12135,8,3,1995,2000,TA,Ex,1221,1229,2108,2,0,4,2,Gd,7,1,1999.0,1,275,250,144,0,Y,9,2009,Family,398883
377,90,Gilbert,SLvl,,11406,7,3,1916,1953,Gd,Gd,966,1031,1420,3,0,1,1,Gd,3,0,1919.0,1,403,100,181,0,Y,10,2008,Normal,429812
378,40,Mitchel,1Story,90.7,10324,10,5,1915,1928,Gd,TA,1491,1525,2660,1,1,4,2,Gd,9,1,1916.0,3,679,0,18,0,Y,1,2008,Normal,477905
379,90,Edwards,1Story,62.9,12310,6,2,1963,1987,TA,Gd,1378,1068,1468,3,0,3,1,Gd,6,1,1964.0,1,275,200,106,200,Y,9,2009,Normal,347340
380,40,NAmes,2Story,,11463,3,5,1932,1959,Gd,TA,603,707,1155,3,0,2,1,TA,6,2,,0,0,200,145,0,Y,10,2006,Normal,307766
381,50,Edwards,2Story,100.6,10748,6,8,1932,1932,TA,Gd,707,1031,1173,3,1,5,1,Ex,9,2,1934.0,2,529,0,7,0,Y,7,2008,Normal,350634
382,20,Mitchel,SLvl,26.6,7808,2,8,1921,1929,Gd,Fa,457,664,718,2,0,4,1,Gd,7,1,1924.0,2,532,0,102,0,Y,8,2007,Normal,305050
383,70,Sawyer,2Story,79.8,17614,8,7,1967,1994,TA,Gd,1142,2093,2436,2,0,1,1,Gd,3,1,,0,0,250,11,0,Y,1,2008,Normal,417181
384,30,BrkSide,1Story,94.1,6088,8,9,1902,1914,Fa,TA,1440,1510,2358,1,0,4,2,TA,8,0,1902.0,3,786,200,180,0,Y,12,2006,Normal,407102
385,80,Mitchel,1Story,,12296,9,8,1927,1927,Gd,TA,1754,1802,2013,3,1,3,2,TA,7,1,1928.0,1,272,0,136,0,Y,12,2010,Normal,439710
386,30,CollgCr,SLvl,,9155,5,7,1961,1961,TA,Gd,570,791,1195,3,1,4,2,TA,8,1,,0,0,150,37,0,Y,10,2010,Normal,389641
387,20,OldTown,2Story,72.3,17890,4,8,1954,1987,TA,TA,1781,2202,2469,1,1,3,1,Gd,5,0,,0,0,0,104,0,Y,1,2010,Partial,362556
388,50,NAmes,SLvl,52.8,6705,2,2,1977,1983,Gd,Fa,861,1112,1381,1,1,5,1,Gd,7,2,1981.0,2,508,0,21,0,Y,6,2010,Normal,338624
389,20,NAmes,1Story,,7412,5,8,1924,1928,TA,TA,739,1070,1496,3,1,5,1,Gd,8,0,,0,0,150,160,0,Y,10,2009,Normal,360104
390,40,BrkSide,1.5Fin,85.7,6427,6,4,1971,1993,TA,Ex,952,1375,2340,3,1,1,2,Fa,5,0,1975.0,1,283,200,39,0,Y,9,2007,Partial,360844
391,70,Mitchel,2Story,56.0,11859,8,7,1984,1988,Gd,TA,1110,1860,2016,2,0,3,1,Gd,6,2,1986.0,2,605,250,121,0,Y,11,2006,Partial,483772
392,60,CollgCr,1Story,,4733,8,9,1943,1969,TA,Gd,1196,2682,2757,1,1,2,2,Gd,5,2,1943.0,3,812,100,15,0,Y,8,2009,Normal,503348
393,60,Sawyer,2Story,,8490,3,5,1928,1949,Gd,TA,1029,1440,1694,3,0,3,1,Fa,7,1,1929.0,1,270,0,31,0,Y,9,2010,Normal,316871
394,20,Gilbert,2Story,58.7,1500,4,2,1961,1986,Gd,TA,1192,1387,1409,2,1,1,1,Fa,5,1,1965.0,3,634,100,196,0,Y,5,2007,Normal,405404
395,70,NAmes,1Story,,11510,6,4,1964,1983,Gd,TA,1079,1316,1356,3,1,3,1,Gd,7,2,1965.0,1,302,150,77,0,Y,10,2010,Normal,376743
396,20,Mitchel,1Story,71.6,8399,5,5,1910,1941,TA,Ex,680,471,738,3,0,1,1,TA,5,0,1911.0,3,756,250,24,0,N,7,2006,Normal,331781
397,60,BrkSide,1.5Fin,86.9,4250,2,9,1962,1987,Fa,Gd,899,1245,1416,2,1,4,1,Gd,7,1,1962.0,1,310,0,139,0,Y,10,2007,Normal,314742
398,80,Gilbert,1Story,70.4,15060,9,9,1917,1933,Gd,Ex,1795,1608,2274,1,1,3,2,Gd,6,0,,0,0,150,40,0,N,3,2009,Normal,474828
399,70,Sawyer,1Story,46.5,5008,8,6,1963,1963,Ex,TA,1522,1529,1987,3,1,5,1,Gd,8,1,1967.0,2,545,100,117,0,Y,4,2008,Normal,464994
400,40,Edwards,1Story,80.6,13847,6,9,2003,2010,Gd,TA,862,1030,1660,3,0,5,2,Fa,9,2,2007.0,3,717,150,161,0,Y,2,2009,Normal,387392
401,30,Sawyer,1Story,,7556,4,5,1959,1964,TA,TA,636,1110,1122,3,1,4,2,Gd,9,1,1963.0,3,838,0,136,0,N,9,2007,Normal,321150
402,80,Somerst,1.5Fin,,17227,9,5,1984,1984,Gd,Ex,1268,1608,1834,2,1,3,2,TA,6,2,1988.0,3,882,0,49,0,Y,9,2009,Normal,508767
403,30,Mitchel,2Story,101.7,13648,2,8,1934,1944,Gd,Gd,1707,1364,2036,3,0,4,2,Ex,7,1,,0,0,150,47,0,Y,4,2007,Normal,391590
404,50,NAmes,1Story,,6266,6,7,2002,2010,Gd,TA,1214,1332,1857,3,0,4,1,TA,6,2,2004.0,2,515,0,44,0,Y,5,2006,Normal,421420
405,30,CollgCr,SLvl,,6648,9,6,1990,1993,TA,TA,948,1336,1805,1,1,1,1,TA,3,0,1994.0,2,605,150,126,0,Y,7,2008,Normal,461093
406,20,Mitchel,1.5Fin,75.6,13043,10,5,2001,2010,TA,Fa,1294,1212,1367,1,0,2,2,TA,6,0,2004.0,2,600,0,134,0,Y,10,2008,Normal,402393
407,50,OldTown,1Story,44.7,9398,4,7,1982,2002,TA,Gd,935,1949,2016,1,0,5,1,Fa,7,0,,0,0,200,104,0,Y,4,2008,Abnorml,340268
408,60,Edwards,1.5Fin,,9789,7,8,1972,1979,Gd,Gd,625,469,675,3,1,2,2,TA,5,2,,0,0,0,79,0,Y,6,2006,Partial,345409
409,80,Sawyer,1Story,112.2,15843,3,5,1958,1968,TA,Gd,1486,1341,1759,1,1,1,2,TA,5,1,1958.0,2,597,100,12,0,Y,3,2008,Normal,346445
410,70,CollgCr,SLvl,96.3,7356,3,2,2003,2003,TA,TA,2419,2295,2809,2,0,5,2,Gd,10,0,2004.0,3,748,0,167,0,Y,10,2006,Abnorml,526830
411,80,Gilbert,2Story,47.7,10883,5,2,1994,1996,TA,TA,754,655,901,3,0,5,1,Fa,8,0,,0,0,0,132,0,Y,11,2010,Normal,363240
412,80,OldTown,2Story,70.3,14509,9,3,1946,1952,Gd,Gd,828,1250,1609,2,0,4,1,Gd,6,1,,0,0,100,127,0,N,9,2006,Normal,392093
413,50,CollgCr,1Story,,13898,8,5,1909,1927,Gd,Ex,1269,1014,1696,1,1,4,2,Gd,7,0,1911.0,1,204,150,20,0,Y,10,2010,Normal,438887
414,40,Mitchel,1.5Fin,31.9,9830,6,6,1900,1926,TA,TA,1166,893,1428,2,1,2,1,TA,6,2,1901.0,1,283,150,57,0,Y,10,2006,Normal,364713
415,60,CollgCr,1Story,32.7,9287,4,8,1925,1956,Gd,Gd,1699,1532,2097,1,0,2,1,Gd,5,2,1928.0,3,902,250,60,0,Y,11,2009,Normal,470694
416,50,NAmes,1Story,73.4,3197,3,3,1906,1931,TA,TA,990,1733,1802,2,1,5,2,TA,9,2,1910.0,3,916,0,119,0,Y,6,2007,Normal,343781
417,40,NridgHt,1Story,73.7,6064,4,8,1923,1947,Gd,Gd,836,1183,1673,3,1,5,1,Gd,9,0,1924.0,2,569,250,157,0,Y,3,2006,Abnorml,538997
418,20,BrkSide,2Story,,11837,3,7,1912,1949,Gd,Gd,1136,1297,1958,2,0,3,1,Gd,6,1,1913.0,3,603,150,173,0,Y,12,2007,Partial,375966
419,50,CollgCr,1Story,78.5,9921,3,2,2008,2010,TA,Gd,1051,1400,1583,3,1,2,2,Fa,6,1,,0,0,0,104,0,Y,1,2006,Partial,395134
420,50,Sawyer,1.5Fin,93.9,10815,8,4,1910,1941,Gd,NA,2309,3152,3226,1,0,1,1,Fa,5,1,1914.0,3,889,250,72,0,Y,5,2009,Normal,473907
421,90,Gilbert,2Story,65.2,14865,3,4,1969,2006,Gd,Ex,1418,1247,1648,3,1,1,2,Gd,4,1,1970.0,1,232,150,81,0,Y,9,2010,Family,408974
422,80,BrkSide,1Story,,5513,2,9,1939,1961,TA,Gd,1353,910,1644,2,0,3,2,Fa,7,0,1941.0,1,248,0,147,0,Y,10,2007,Normal,319885
423,40,CollgCr,1Story,82.6,9508,6,9,1919,1952,TA,Fa,640,713,829,1,1,3,2,Gd,7,0,,0,0,0,63,0,Y,9,2008,Normal,366191
424,20,Mitchel,1Story,,11293,4,8,1977,1982,TA,Gd,730,987,1339,2,1,4,1,Gd,6,1,,0,0,150,83,0,Y,6,2006,Normal,354426
425,80,NridgHt,2Story,33.3,7543,6,6,2007,2010,Gd,Gd,1460,1878,2201,1,1,5,1,TA,7,0,,0,0,200,157,0,Y,12,2008,Abnorml,571154
426,50,BrkSide,1.5Fin,50.1,16512,3,5,1987,2009,TA,Gd,546,630,934,2,1,2,2,TA,7,0,1987.0,1,313,0,108,0,Y,3,2010,Normal,261450
427,20,Edwards,1Story,61.3,14316,3,4,2008,2010,TA,TA,304,317,575,2,1,1,1,TA,3,1,,0,0,150,93,0,Y,2,2008,Normal,242182
428,80,Mitchel,1.5Fin,51.1,11719,5,8,1965,1967,Gd,TA,665,1157,1641,1,0,5,2,Gd,9,2,,0,0,100,146,0,Y,8,2010,Family,370032
429,40,NridgHt,1Story,102.3,18036,8,2,1974,2002,TA,Fa,1383,2045,2358,3,0,4,2,Gd,8,1,1977.0,2,395,250,57,0,Y,4,2009,Normal,625145
430,30,CollgCr,1.5Fin,84.0,4205,5,4,1916,1933,TA,TA,890,1196,1645,2,1,3,2,Ex,6,0,1918.0,3,732,200,12,0,Y,6,2006,Normal,430855
431,70,Mitchel,SLvl,45.6,10468,6,3,1994,2006,TA,TA,1064,966,1489,1,0,1,2,Fa,4,2,,0,0,250,157,0,Y,6,2006,Normal,345417
432,80,Sawyer,2Story,65.3,12039,6,5,1983,1998,Gd,Gd,329,575,758,2,1,3,1,Gd,6,2,1987.0,2,725,0,90,0,Y,4,2007,Normal,323617
433,80,Edwards,2Story,,6659,4,4,1928,1967,Fa,TA,997,1615,1817,3,1,4,2,Gd,9,0,1931.0,3,868,200,65,0,Y,12,2010,Normal,332315
434,40,Gilbert,1.5Fin,55.8,11763,4,3,1939,1956,TA,Fa,814,1158,1917,3,1,5,2,Gd,9,0,1943.0,1,254,0,19,0,Y,5,2006,Normal,376440
435,60,Edwards,1Story,88.7,5852,5,5,1967,1970,Fa,Fa,579,663,770,2,0,3,2,TA,7,2,,0,0,100,185,0,Y,9,2006,Normal,279831
436,50,Gilbert,1Story,100.4,13400,2,8,1901,1912,TA,Ex,1492,1781,2095,3,0,3,2,Gd,7,1,,0,0,250,145,0,Y,2,2010,Normal,419524
437,80,Mitchel,1Story,96.8,14943,8,6,1990,1995,TA,TA,1211,1482,2068,1,0,2,1,TA,6,0,1991.0,3,652,250,54,0,Y,12,2006,Normal,438841
438,30,BrkSide,2Story,74.0,11644,7,8,1931,1958,TA,TA,1067,2189,2219,2,1,3,2,TA,8,0,1932.0,1,257,0,121,0,Y,12,2007,Normal,406170
439,80,OldTown,2Story,97.5,2718,4,9,1908,1940,TA,NA,1743,1791,1880,1,1,1,2,Gd,4,0,,0,0,0,92,0,Y,1,2009,Normal,329875
440,40,Mitchel,2Story,58.5,6439,5,9,1936,1969,TA,Gd,1399,1342,1939,3,1,1,1,Ex,4,1,1939.0,3,715,200,65,0,Y,8,2006,Normal,428413
441,60,Somerst,1.5Fin,,12872,4,4,1992,2010,TA,TA,1431,1043,1850,3,0,4,1,Gd,7,1,1996.0,3,750,250,62,0,Y,8,2006,Normal,464042
442,60,Sawyer,1Story,,10589,7,9,1930,1960,Ex,TA,1448,1441,2092,1,0,2,1,TA,4,1,1931.0,2,561,150,15,0,Y,3,2009,Normal,401228
443,40,Sawyer,2Story,95.2,1500,8,9,1959,1975,TA,Fa,698,531,827,1,0,5,2,TA,10,0,,0,0,0,194,0,Y,10,2006,Normal,297341
444,30,Somerst,1Story,62.0,15720,2,9,1990,2010,Gd,TA,741,660,829,3,0,2,2,Gd,5,1,,0,0,0,185,0,Y,10,2009,Partial,357928
445,40,Somerst,1Story,81.0,11074,5,4,1903,1907,Fa,Fa,776,1225,1272,2,1,5,1,TA,9,1,,0,0,200,174,0,N,11,2008,Normal,365742
446,60,Somerst,2Story,,7060,2,3,1984,2005,TA,Gd,1160,1401,1488,1,0,1,1,Gd,3,2,,0,0,200,63,0,Y,8,2007,Normal,398151
447,60,BrkSide,SLvl,49.6,14679,6,6,1932,1954,TA,Gd,967,1263,1836,1,1,1,2,TA,5,2,1934.0,2,717,250,199,0,Y,9,2009,Normal,341470
448,60,Edwards,2Story,48.9,7654,4,9,1977,1978,Gd,Gd,1332,1304,1756,2,0,3,2,Fa,8,0,1978.0,1,275,100,55,0,Y,9,2007,Normal,338942
449,70,OldTown,1Story,65.5,7609,5,9,1920,1941,TA,Fa,1339,1224,2161,1,1,5,2,TA,9,0,1921.0,3,835,0,164,0,Y,10,2010,Normal,379030
450,20,Edwards,2Story,94.3,12005,6,6,1915,1943,Gd,Gd,889,1750,2201,1,1,1,1,Ex,3,1,,0,0,0,20,0,Y,8,2008,Partial,335680
451,50,CollgCr,1Story,29.7,17980,4,3,1987,2001,TA,TA,1093,683,1181,1,0,3,2,Gd,6,1,1989.0,2,516,200,62,0,Y,9,2009,Normal,389957
452,40,Edwards,1.5Fin,62.0,17319,5,5,1989,2010,TA,NA,1527,1691,1740,1,1,2,1,Fa,5,2,1989.0,3,681,250,115,0,Y,1,2007,Normal,384264
453,50,CollgCr,2Story,98.8,12011,8,7,2008,2010,TA,Fa,724,1216,1293,3,0,4,2,Gd,9,1,,0,0,0,193,0,Y,8,2010,Normal,441842
454,50,NAmes,1Story,42.9,12442,9,6,1975,1985,Gd,TA,1551,1057,1635,3,0,3,2,TA,7,0,1979.0,2,646,100,53,0,Y,3,2007,Normal,432828
455,30,Sawyer,1Story,97.6,13824,2,4,1951,1956,TA,TA,979,1474,1704,3,0,4,2,Fa,7,1,1952.0,2,589,0,86,0,N,5,2008,Normal,326220
456,90,NAmes,1Story,45.2,5221,5,4,1921,1934,TA,Gd,408,504,625,1,1,2,2,TA,7,2,,0,0,200,168,0,Y,10,2010,Normal,261550
457,20,Gilbert,SLvl,49.8,13205,9,2,1932,1964,TA,TA,2502,2625,2882,1,1,2,1,TA,5,0,1933.0,1,222,200,94,0,Y,2,2010,Normal,504047
458,60,Sawyer,1Story,66.8,7417,6,4,1971,2008,TA,TA,1091,1468,1922,1,0,4,2,TA,7,2,1973.0,3,833,0,136,0,Y,10,2009,Normal,412768
459,50,Sawyer,2Story,111.2,11838,3,7,1938,1963,TA,TA,835,820,1289,2,0,2,1,Fa,5,0,1938.0,3,988,250,83,0,Y,4,2009,Abnorml,321417
460,70,Somerst,2Story,55.9,9545,7,3,1953,1977,Gd,Gd,1992,2179,2600,1,1,4,1,Gd,6,2,1956.0,1,231,0,0,0,Y,10,2009,Normal,517948
461,80,CollgCr,2Story,31.9,12605,3,9,1918,1942,Ex,Gd,664,825,1408,1,1,1,2,TA,6,1,,0,0,200,56,0,Y,10,2008,Normal,369193
462,70,Mitchel,1Story,39.2,10996,2,2,1948,1967,TA,TA,1020,1312,1614,3,0,2,2,Gd,7,1,,0,0,200,113,0,Y,1,2009,Normal,333148
463,80,BrkSide,SLvl,90.5,1500,7,6,1926,1942,Fa,TA,822,931,1441,2,0,1,1,TA,3,0,1927.0,3,756,0,3,0,Y,3,2008,Normal,348945
464,40,NridgHt,1Story,40.2,11251,6,5,1912,1936,Gd,Fa,1887,2097,2443,3,1,1,2,TA,5,2,1916.0,2,580,150,46,0,Y,10,2008,Normal,598952
465,90,NAmes,2Story,96.1,13197,8,8,1914,1945,TA,TA,783,1522,1650,1,1,2,1,TA,4,1,1917.0,1,298,0,190,0,Y,5,2007,Normal,360213
466,20,NAmes,2Story,71.5,12373,5,9,1957,1973,Gd,Fa,896,1017,1697,3,1,3,1,Gd,6,1,,0,0,0,3,0,N,6,2007,Normal,382566
467,70,Edwards,2Story,69.3,10069,9,6,1940,1962,Gd,TA,1822,1681,2303,3,0,1,1,Ex,3,1,1940.0,3,723,0,49,0,Y,1,2006,Abnorml,429111
468,30,CollgCr,SLvl,76.5,17397,5,7,1911,1929,Fa,TA,926,1677,1906,3,1,1,1,TA,5,1,1911.0,1,214,200,123,0,Y,9,2009,Normal,419712
469,30,BrkSide,1Story,52.4,11808,8,7,1957,1968,Fa,TA,1058,1044,1674,2,0,5,1,TA,7,1,1958.0,2,581,200,112,0,Y,2,2006,Normal,364520
470,80,OldTown,2Story,73.0,12338,2,6,1918,1929,Fa,Gd,1650,1677,2083,3,1,3,1,Gd,7,2,1921.0,3,779,100,40,0,Y,4,2006,Normal,331712
471,70,OldTown,1Story,43.8,14887,2,3,1901,1904,Gd,Gd,2273,2360,2768,2,1,4,1,TA,6,0,1901.0,2,707,200,11,0,Y,6,2007,Normal,363471
472,70,Mitchel,1Story,99.7,12023,9,5,1914,1931,TA,Fa,849,1332,1877,2,0,4,2,Fa,7,0,1915.0,3,1066,0,179,0,Y,10,2006,Normal,412398
473,80,BrkSide,1Story,47.4,6728,9,3,1949,1977,TA,Gd,1547,1646,1781,1,0,1,2,TA,6,2,1949.0,2,719,100,110,0,Y,6,2009,Normal,390876
474,40,OldTown,1Story,79.7,1500,10,5,2005,2010,TA,TA,1462,1429,1832,1,1,4,1,TA,8,2,2008.0,1,242,200,114,0,Y,12,2006,Normal,415326
475,70,Edwards,1Story,47.2,8496,4,6,1926,1965,TA,Gd,1308,1855,2229,3,0,5,1,Fa,7,1,1930.0,3,908,100,11,0,Y,7,2008,Normal,389889
476,30,Gilbert,1Story,58.3,13696,2,3,1931,1932,TA,TA,1035,774,1262,1,1,3,2,TA,6,1,1933.0,2,630,150,41,0,Y,4,2009,Normal,324008
477,50,NridgHt,1Story,61.8,9017,10,3,1926,1956,Ex,Gd,1294,906,1616,1,0,5,1,Gd,9,0,1930.0,3,931,0,14,0,Y,3,2008,Normal,594324
478,50,Mitchel,2Story,,13865,7,8,1939,1970,TA,TA,684,537,937,1,0,5,1,Fa,9,0,,0,0,100,195,0,Y,10,2008,Normal,334409
479,60,BrkSide,2Story,69.7,11125,4,5,1979,1996,TA,TA,730,987,1032,2,1,3,1,TA,6,2,1982.0,2,662,200,153,0,Y,6,2007,Normal,310404
480,20,Mitchel,1Story,51.9,15910,8,3,1935,1946,Ex,Gd,1167,1375,1451,3,1,1,2,Fa,4,1,1936.0,2,560,200,109,0,Y,8,2008,Family,407832
481,20,NAmes,1Story,60.2,9260,10,7,1972,1986,Gd,TA,1636,1574,1723,1,0,4,1,TA,6,0,,0,0,0,136,0,Y,5,2009,Normal,377963
482,20,OldTown,1Story,,12464,4,7,1999,2010,TA,Fa,1759,1567,2449,1,0,5,2,TA,8,2,2002.0,1,218,100,33,0,Y,4,2008,Normal,369706
483,40,Gilbert,2Story,,12625,8,8,2005,2010,TA,TA,1653,1539,1957,3,1,3,1,Gd,7,1,2005.0,3,917,150,197,0,N,8,2009,Normal,523318
484,60,NAmes,1Story,110.7,16807,9,8,1962,1987,Gd,NA,1042,1169,1287,1,0,5,2,Ex,8,1,1962.0,2,539,250,103,0,N,4,2010,Normal,394976
485,30,Edwards,1Story,,3332,6,9,1979,1999,Ex,TA,1132,1110,1301,2,0,3,2,Gd,7,2,1983.0,3,896,200,103,0,Y,12,2007,Normal,416499
486,90,CollgCr,1Story,89.9,8575,7,6,2002,2010,TA,TA,2160,1406,2335,3,1,3,1,TA,7,2,,0,0,200,191,0,Y,9,2006,Abnorml,471684
487,50,Mitchel,1Story,50.0,14064,4,4,1987,1989,Gd,TA,1084,2040,2141,2,1,5,1,TA,7,0,,0,0,200,19,0,Y,10,2008,Normal,402706
488,40,NAmes,1Story,65.5,16993,10,8,1933,1957,TA,NA,866,1097,1764,1,0,1,1,Ex,5,1,1936.0,3,835,0,84,0,Y,4,2007,Normal,416530
489,90,CollgCr,2Story,74.5,11508,10,4,1914,1915,TA,TA,1111,965,1538,3,0,3,2,Gd,8,0,1917.0,1,311,0,17,0,Y,1,2006,Normal,460308
490,30,CollgCr,2Story,54.0,9271,10,4,1912,1950,TA,TA,1482,2188,2290,1,0,1,2,TA,4,2,1912.0,3,816,100,85,0,Y,1,2009,Normal,492533
491,30,CollgCr,2Story,78.8,13680,8,8,1997,2010,TA,Fa,873,940,1223,1,1,4,1,Gd,6,2,2000.0,3,665,0,53,0,Y,11,2009,Normal,448500
492,50,Gilbert,2Story,83.5,14149,2,9,1961,1981,TA,NA,1458,1248,1738,1,0,5,1,Gd,7,1,1965.0,1,303,250,92,0,N,11,2009,Normal,401975
493,20,Edwards,2Story,81.9,8989,5,4,1932,1946,TA,TA,2478,2170,2716,2,1,5,1,Ex,7,0,1933.0,3,743,250,140,0,N,9,2009,Normal,428354
494,70,Mitchel,1Story,66.7,11887,6,7,1938,1967,TA,Gd,1101,1734,1749,3,1,2,2,TA,5,2,1940.0,3,681,250,56,0,Y,8,2008,Normal,424251
495,80,OldTown,2Story,94.0,15458,10,9,1931,1956,TA,TA,1095,832,1378,2,0,4,2,TA,9,1,,0,0,150,10,0,N,3,2008,Normal,355123
496,40,Gilbert,2Story,64.3,18440,6,8,1989,2010,TA,TA,939,1645,1847,1,1,5,1,TA,7,0,,0,0,0,32,0,Y,10,2007,Normal,411551
497,80,NridgHt,1Story,62.3,13619,6,2,1967,1987,TA,Gd,989,998,1424,2,0,5,1,Gd,7,1,,0,0,0,143,0,Y,7,2009,Abnorml,472217
498,20,NridgHt,2Story,101.7,10685,3,7,1997,2006,TA,TA,373,546,906,1,0,3,1,Gd,7,1,1999.0,2,389,0,115,0,Y,8,2010,Normal,472851
499,60,Sawyer,1Story,45.6,10273,9,3,1933,1935,TA,TA,1396,1525,2061,2,1,1,2,TA,4,0,,0,0,150,195,0,Y,1,2010,Normal,407882
500,70,OldTown,2Story,32.5,12841,5,8,1952,1963,Gd,Gd,1513,1723,2162,1,1,3,1,Fa,5,2,1955.0,1,327,0,178,0,Y,7,2008,Abnorml,378052
501,50,Gilbert,2Story,,10014,2,2,1913,1934,TA,TA,1127,900,1401,3,1,4,2,Gd,7,2,1915.0,1,262,150,32,0,Y,9,2006,Normal,376742
502,90,BrkSide,1.5Fin,78.5,11296,10,9,2007,2010,Gd,Gd,1188,1149,1569,3,1,4,2,TA,9,0,,0,0,250,147,0,Y,10,2010,Normal,395130
503,50,BrkSide,SLvl,98.2,6057,3,3,1956,1976,TA,TA,665,931,1113,3,0,2,1,TA,6,2,1960.0,1,322,0,18,0,Y,2,2008,Normal,314826
504,90,NridgHt,2Story,55.5,15948,2,5,1961,1972,TA,Ex,596,1196,1478,1,1,2,2,TA,7,1,1962.0,2,624,250,19,0,Y,1,2009,Normal,488524
505,70,NridgHt,2Story,109.9,5711,2,3,1945,1982,Ex,Fa,593,1121,1280,1,1,4,2,Gd,9,2,1945.0,3,963,100,158,0,Y,11,2007,Partial,483625
506,30,BrkSide,2Story,70.6,8685,6,8,1930,1944,TA,Gd,1089,1079,1165,1,1,3,1,Gd,5,2,1932.0,1,169,200,80,0,Y,4,2010,Normal,337321
507,80,NridgHt,1Story,67.5,10910,2,5,2005,2010,Gd,NA,2230,1805,2458,3,0,3,1,Gd,6,1,2007.0,2,699,0,199,0,Y,6,2010,Normal,610658
508,20,Mitchel,1.5Fin,51.3,18862,9,7,1954,1969,TA,TA,1128,1443,1949,3,1,5,1,TA,8,2,1957.0,2,611,0,1,0,Y,8,2006,Normal,452480
509,30,CollgCr,1Story,112.9,8725,6,2,1974,1991,Fa,Gd,1044,1489,1925,1,0,1,1,TA,3,2,1976.0,1,378,250,100,0,Y,6,2008,Normal,413298
510,80,Edwards,1Story,66.7,7703,4,5,1904,1928,TA,NA,1295,1629,2024,3,0,2,1,Gd,6,2,1906.0,2,497,250,61,0,Y,12,2008,Normal,369149
511,90,CollgCr,1Story,40.7,8187,2,9,1930,1940,TA,TA,1497,1150,1920,2,0,5,2,Ex,9,1,1930.0,3,628,100,197,0,N,11,2009,Normal,455444
512,50,NAmes,1.5Fin,124.1,17467,6,9,1989,1997,TA,TA,866,1003,1452,1,0,5,2,Ex,10,2,,0,0,0,133,0,Y,5,2007,Normal,370152
513,70,Somerst,1Story,,1500,3,3,1909,1924,TA,NA,745,1070,1706,1,0,2,2,TA,5,2,1910.0,2,538,0,154,0,Y,3,2006,Normal,381914
514,70,OldTown,1Story,87.6,6289,10,5,1911,1943,TA,NA,1007,1173,1621,1,1,5,2,TA,10,2,,0,0,0,58,0,Y,12,2007,Normal,344173
515,70,Somerst,1Story,107.0,21971,4,5,1989,1994,Gd,TA,984,1789,1810,3,1,2,1,Gd,4,0,1991.0,3,969,250,178,0,Y,9,2008,Normal,459508
516,90,Somerst,1Story,83.5,12982,6,6,1934,1951,TA,NA,1050,1473,1814,1,0,1,1,TA,3,1,1934.0,2,553,0,168,0,Y,10,2007,Normal,440211
517,20,NridgHt,1Story,91.4,5855,2,6,1930,1956,TA,Gd,669,1015,1366,1,1,2,2,TA,6,1,,0,0,250,156,0,N,6,2008,Normal,422288
518,30,Mitchel,2Story,71.2,10324,3,2,1962,1990,Gd,Gd,714,754,937,3,0,3,2,TA,6,1,1963.0,2,602,100,95,0,Y,6,2007,Normal,355383
519,90,BrkSide,1Story,86.1,10783,3,8,1921,1938,Fa,Ex,1135,1400,1645,1,0,1,1,TA,3,1,1922.0,1,270,0,184,0,Y,3,2009,Normal,290730
520,60,Edwards,1.5Fin,69.2,14054,2,3,1904,1907,TA,Gd,797,1083,1452,1,0,1,2,Gd,6,2,,0,0,100,133,0,Y,6,2008,Normal,260502
521,60,Edwards,1.5Fin,69.6,18226,8,4,1900,1900,TA,TA,559,596,793,3,1,4,1,TA,7,1,1900.0,3,964,0,13,0,Y,7,2006,Partial,296280
522,50,Sawyer,1Story,72.6,12132,10,8,1908,1926,Ex,Gd,1338,1726,1994,3,0,4,2,TA,8,2,1912.0,1,330,0,176,200,Y,2,2009,Partial,440682
523,40,CollgCr,1Story,61.3,8233,10,7,1917,1949,TA,TA,1854,1278,2213,2,0,4,2,Fa,7,2,,0,0,150,4,0,Y,8,2007,Normal,478526
524,30,Gilbert,2Story,81.1,13806,4,5,1977,1978,TA,Ex,2605,2231,2814,3,1,5,1,TA,9,0,1981.0,2,547,0,136,0,Y,8,2007,Normal,489887
525,50,Somerst,1Story,81.0,7567,9,9,1933,1968,Ex,Gd,725,1224,1537,3,1,2,2,Gd,7,1,1937.0,1,194,250,49,0,Y,11,2009,Abnorml,476432
526,20,CollgCr,1Story,88.0,6160,6,5,1907,1934,TA,TA,1233,1239,1391,2,0,5,2,TA,10,1,1909.0,2,548,200,179,0,Y,1,2007,Normal,417006
527,40,NridgHt,SLvl,84.1,3108,2,6,1901,1901,TA,Gd,801,1010,1017,3,0,2,2,TA,6,2,,0,0,200,145,0,Y,3,2006,Normal,444765
528,90,Edwards,SLvl,114.0,3926,2,3,1952,1965,Gd,TA,1289,1498,1650,1,1,5,2,Gd,9,1,1953.0,3,824,0,161,0,Y,6,2007,Normal,301854
529,30,CollgCr,2Story,93.2,6735,6,3,1993,2001,TA,TA,1059,1357,1747,1,0,4,1,Fa,6,1,1993.0,1,253,250,139,0,Y,11,2007,Normal,392720
530,70,NridgHt,1Story,,5553,5,5,1937,1974,Gd,TA,728,774,1236,3,1,2,1,Gd,4,2,1941.0,1,279,100,113,0,Y,3,2009,Normal,491826
531,20,CollgCr,2Story,80.0,11816,2,6,1907,1929,TA,Fa,591,1194,1466,1,1,2,1,TA,4,0,1910.0,3,715,200,172,0,Y,12,2009,Normal,366714
532,70,NridgHt,2Story,101.1,5463,10,8,1925,1937,TA,NA,752,741,800,3,0,3,1,Gd,6,1,1928.0,2,458,0,59,0,Y,12,2006,Normal,560094
533,40,CollgCr,1Story,,1500,8,5,1955,1966,TA,Ex,1573,2079,2145,2,1,3,2,Ex,8,2,,0,0,200,105,0,Y,2,2009,Normal,495669
534,70,Somerst,2Story,,6116,6,9,1920,1942,TA,TA,795,1179,1280,3,0,2,1,TA,6,2,1920.0,2,482,0,59,0,Y,5,2009,Normal,414021
535,50,BrkSide,1Story,53.0,8518,10,6,2008,2008,Gd,Gd,1212,1101,1733,2,1,2,2,TA,5,0,2008.0,2,560,150,22,0,Y,4,2006,Normal,420498
536,80,OldTown,1Story,89.8,7957,10,2,1984,1994,Gd,TA,450,927,1065,1,0,5,1,TA,7,2,1988.0,1,318,0,175,0,Y,6,2007,Abnorml,330393
537,70,Sawyer,2Story,70.1,16882,10,7,1938,1944,TA,TA,729,1391,1470,2,0,4,1,TA,6,0,,0,0,250,99,0,Y,12,2009,Normal,410027
538,60,Sawyer,1Story,68.9,7923,4,6,2005,2010,Gd,TA,1089,1255,1466,3,1,1,1,Ex,3,0,,0,0,150,10,0,Y,5,2008,Normal,370868
539,70,Mitchel,1Story,,14200,9,5,1936,1962,Gd,Fa,1174,1476,1720,3,0,4,1,Fa,7,2,1936.0,3,876,100,165,0,Y,8,2007,Normal,461424
540,90,CollgCr,1.5Fin,90.0,10420,6,5,1915,1933,Gd,TA,1566,1457,1880,3,0,1,2,TA,6,1,,0,0,100,188,0,Y,2,2009,Normal,442635
541,60,Sawyer,SLvl,41.7,10322,8,4,2004,2009,TA,TA,1822,2000,2391,3,1,3,2,Gd,6,1,2004.0,2,670,0,132,0,Y,7,2009,Normal,460020
542,30,Mitchel,2Story,38.3,6991,9,6,2006,2010,TA,TA,1518,1417,2077,3,1,1,2,TA,6,1,2007.0,3,891,0,65,0,Y,5,2008,Normal,466135
543,20,Sawyer,1.5Fin,95.5,10253,3,6,1934,1967,Gd,Gd,1728,1202,2037,3,0,4,2,Gd,8,2,1938.0,1,207,200,171,0,Y,12,2006,Normal,366362
544,60,CollgCr,SLvl,109.4,7287,6,5,1966,1974,Gd,Ex,1026,2162,2344,2,0,1,1,Ex,4,0,,0,0,200,147,0,Y,10,2009,Abnorml,438153
545,50,BrkSide,1Story,55.3,11214,3,4,1919,1925,Gd,TA,1442,1801,1848,2,1,2,2,TA,7,0,1923.0,2,616,250,56,0,Y,3,2006,Normal,344119
546,60,CollgCr,1Story,92.1,9508,4,5,1971,1975,Gd,TA,1256,1480,1582,2,0,1,1,TA,5,1,1975.0,2,510,0,66,0,Y,8,2010,Normal,440992
547,70,Gilbert,1Story,87.5,6533,5,5,1976,2008,Gd,Gd,1163,1477,2109,3,1,1,2,TA,6,2,,0,0,0,197,0,Y,5,2006,Abnorml,425568
548,30,Somerst,1Story,68.0,14666,9,5,1978,1982,TA,TA,1137,1326,2240,2,0,1,2,Fa,5,1,1980.0,2,555,200,190,0,Y,6,2006,Normal,498280
549,70,Gilbert,2Story,99.4,12293,9,4,1963,1986,TA,Gd,1054,1377,2036,3,1,3,2,Gd,6,2,,0,0,0,135,0,Y,6,2007,Normal,435153
550,90,Gilbert,1Story,66.4,8618,5,6,1978,2010,Ex,TA,472,861,927,3,0,5,1,Fa,9,2,1981.0,1,325,0,7,0,Y,10,2007,Normal,376504
551,40,NAmes,1Story,81.4,11111,4,3,1961,1986,TA,Gd,823,1011,1196,1,1,2,1,Ex,6,2,1965.0,1,273,0,45,0,Y,4,2007,Abnorml,344205
552,90,Gilbert,1Story,42.4,10148,6,6,1990,2006,TA,Gd,720,1495,1518,3,0,4,1,Gd,8,1,1994.0,3,861,250,70,0,Y,1,2010,Normal,456051
553,90,Mitchel,1Story,43.4,6856,10,2,1919,1927,Gd,Ex,1620,1496,2124,3,0,3,1,Gd,6,1,1919.0,3,948,250,107,0,Y,3,2007,Normal,492098
554,50,Somerst,1.5Fin,,10796,10,5,1953,1953,Gd,Gd,796,1389,1740,2,1,2,2,Ex,5,0,1956.0,2,442,0,173,200,Y,10,2010,Normal,506427
555,80,OldTown,1Story,82.1,7892,4,8,1946,1952,TA,TA,890,1943,2146,1,1,1,2,Gd,4,0,1946.0,2,537,200,169,0,Y,4,2006,Normal,353185
556,90,Mitchel,1Story,,6531,3,8,1959,1997,Ex,NA,1270,1446,2206,1,0,4,1,TA,7,1,,0,0,100,54,0,Y,1,2009,Normal,398536
557,80,NAmes,1Story,112.0,3684,8,7,1915,1920,TA,Gd,1150,2239,2276,3,0,1,1,TA,4,2,,0,0,200,21,550,Y,5,2006,Abnorml,390175
558,50,Somerst,1Story,,8994,4,7,1935,1935,TA,TA,2056,1779,2179,1,1,3,1,TA,5,2,1937.0,3,1016,150,55,0,Y,11,2007,Normal,480750
559,70,Gilbert,2Story,79.7,12881,3,2,2005,2010,TA,TA,610,596,1077,2,1,1,1,Ex,5,1,2009.0,1,217,150,47,0,Y,11,2006,Family,388006
560,60,Somerst,1Story,38.0,7582,2,4,1911,1927,Gd,TA,930,1000,1782,2,1,4,2,TA,8,1,1915.0,2,425,150,179,0,Y,12,2007,Normal,396039
561,50,Mitchel,1Story,67.5,21087,5,7,1970,1984,Gd,Gd,678,1263,1333,1,0,5,2,Gd,8,2,1973.0,2,622,200,2,0,Y,9,2008,Normal,367093
562,70,Somerst,1Story,,14220,5,8,1973,2001,TA,Gd,505,700,833,3,1,2,2,TA,6,0,1975.0,1,315,200,166,0,Y,10,2010,Normal,407274
563,90,Mitchel,1.5Fin,72.0,15978,7,6,1952,1972,TA,NA,1127,1373,1537,2,0,2,2,TA,7,0,1955.0,2,545,100,131,0,Y,10,2009,Normal,391539
564,20,NAmes,2Story,49.4,13840,3,8,1903,1939,Gd,NA,1835,1996,2211,1,1,3,1,Gd,6,2,1903.0,2,592,0,21,0,Y,1,2009,Normal,408195
565,90,Sawyer,2Story,43.7,18282,8,4,1903,1921,TA,TA,1154,1420,1921,1,0,3,1,TA,7,1,,0,0,0,137,0,Y,6,2008,Normal,383595
566,40,Gilbert,2Story,20.2,7195,8,3,1930,1958,Ex,TA,1986,2427,2669,2,0,2,2,Fa,7,0,1933.0,2,495,0,116,0,N,7,2007,Normal,503023
567,80,OldTown,2Story,73.7,1500,6,2,1911,1946,TA,Ex,1154,1686,1735,1,0,2,1,Gd,5,0,,0,0,100,0,0,Y,6,2007,Normal,341553
568,20,OldTown,1Story,20.0,8626,3,6,1910,1928,Fa,Ex,2380,1726,2750,3,1,1,2,TA,5,0,1913.0,1,288,250,44,0,Y,10,2006,Normal,370405
569,90,Sawyer,1Story,,12845,6,7,1917,1928,TA,Ex,1237,1551,1735,2,1,2,2,Fa,5,0,1918.0,3,948,0,69,0,N,12,2009,Normal,367087
570,50,NridgHt,2Story,,11136,8,4,1921,1959,TA,TA,957,1178,1711,2,0,3,1,Gd,7,1,1923.0,3,700,250,43,0,Y,7,2009,Normal,607245
571,90,NridgHt,1Story,54.1,11657,5,8,1993,2002,Fa,Gd,796,702,1011,2,0,4,1,Gd,8,2,,0,0,0,115,0,Y,2,2008,Normal,528520
572,50,NAmes,1.5Fin,,16048,4,7,1970,1971,TA,Gd,1815,1569,2133,1,1,4,2,Gd,8,2,1971.0,2,540,100,123,0,Y,5,2008,Normal,382727
573,70,Gilbert,1Story,68.5,12105,6,4,1903,1926,Ex,Ex,924,1323,1409,2,0,3,2,TA,6,2,1907.0,2,593,0,33,0,Y,3,2007,Abnorml,403173
574,60,Mitchel,2Story,51.8,13855,5,3,1969,2008,TA,Ex,1239,736,1314,2,0,4,1,Gd,7,2,1971.0,2,559,100,24,0,N,6,2010,Normal,375998
575,30,NAmes,1.5Fin,,6554,5,7,1915,1918,Ex,TA,1979,1669,2240,1,0,3,2,Gd,8,0,1917.0,3,774,0,131,0,Y,3,2010,Normal,427593
576,30,Somerst,2Story,47.3,5899,5,7,1946,1979,Gd,TA,1109,1867,2181,2,1,2,1,Gd,4,0,,0,0,200,93,0,Y,1,2008,Normal,478658
577,60,Somerst,1.5Fin,,17279,4,3,1904,1937,TA,TA,1785,1285,2143,2,1,2,2,Fa,6,0,1904.0,2,517,0,53,0,Y,3,2009,Normal,480729
578,50,BrkSide,2Story,62.4,10924,8,4,1910,1947,Gd,TA,1115,1383,1526,1,1,3,1,TA,6,2,1911.0,1,268,200,51,0,Y,6,2007,Normal,347329
579,60,OldTown,1.5Fin,69.7,7882,6,5,1914,1930,Ex,TA,1128,1583,1626,3,1,2,1,TA,5,1,,0,0,100,7,0,Y,2,2006,Abnorml,356290
580,80,Somerst,1Story,,7890,6,6,1948,1958,TA,TA,1107,958,1621,2,1,4,1,Fa,7,2,1949.0,1,251,250,170,0,Y,1,2007,Normal,452379
581,80,Sawyer,1Story,74.4,7774,7,3,1951,1971,Gd,Gd,1783,1269,2051,1,1,1,1,TA,5,1,,0,0,250,168,0,Y,4,2010,Abnorml,381820
582,20,NAmes,2Story,81.1,7522,5,9,1939,1944,TA,Gd,1745,2343,2371,2,0,1,1,Fa,3,2,1943.0,2,586,200,110,0,Y,8,2008,Normal,387458
583,50,BrkSide,1Story,,5111,2,5,1968,2001,Gd,Fa,1201,1103,1727,1,0,3,1,Gd,6,1,1969.0,2,608,100,69,0,N,8,2010,Family,344734
584,30,BrkSide,1Story,74.9,4198,9,5,1979,2005,TA,TA,1141,1565,2673,2,1,1,2,Gd,6,2,1983.0,2,604,0,43,0,N,5,2007,Normal,452331
585,60,Sawyer,1.5Fin,64.0,9681,2,2,1980,1999,TA,TA,1281,1938,1981,1,1,1,1,TA,5,0,,0,0,150,61,0,Y,8,2008,Normal,325117
586,60,NridgHt,2Story,70.7,8010,7,9,1964,1984,Gd,Gd,1405,1487,1562,2,1,2,1,Gd,5,2,1964.0,3,750,150,185,0,Y,3,2006,Partial,572219
587,90,Sawyer,1Story,84.3,15150,4,3,1960,1988,TA,Gd,1581,1688,1998,1,0,1,2,Gd,6,1,,0,0,200,17,0,Y,9,2009,Normal,382030
588,50,Sawyer,1Story,59.0,11731,3,9,1954,1974,Gd,Ex,1025,1911,2394,1,0,2,2,TA,5,0,1954.0,1,238,100,164,0,Y,1,2007,Normal,364939
589,50,Mitchel,1Story,61.2,11614,2,5,1926,1959,Gd,Fa,2224,2418,2509,1,0,3,1,TA,6,0,1929.0,1,252,100,60,0,Y,2,2006,Normal,375640
590,60,Somerst,1Story,59.3,7379,10,8,1954,1990,Gd,TA,1983,1960,2320,1,0,2,1,Gd,6,0,1954.0,2,482,0,53,0,Y,12,2007,Normal,525926
591,30,Somerst,SLvl,58.9,9992,5,3,1901,1938,Gd,Ex,1147,1386,1637,2,1,5,1,Gd,8,0,1904.0,1,284,0,161,0,N,6,2009,Abnorml,438106
592,20,NridgHt,1Story,73.8,12016,5,3,2007,2010,Ex,Gd,627,1414,1521,1,0,1,2,Gd,5,2,2009.0,3,990,200,192,0,Y,7,2010,Normal,557948
593,70,CollgCr,1Story,62.0,13508,8,8,1941,1970,TA,Gd,1402,1668,1977,1,0,4,2,Gd,8,0,1942.0,3,1025,250,198,0,Y,5,2010,Normal,467366
594,40,BrkSide,2Story,103.0,10106,2,8,1983,1995,TA,Gd,1012,1828,2354,1,0,3,2,Gd,7,1,1983.0,3,901,150,53,0,Y,8,2007,Normal,374759
595,40,Sawyer,1Story,128.9,15032,7,6,2006,2007,Fa,TA,1085,1366,1883,3,0,4,1,TA,8,1,,0,0,0,118,0,Y,9,2008,Normal,390942
596,90,NridgHt,1Story,57.5,10534,6,2,1955,1971,Fa,Gd,1393,1450,1868,3,1,4,1,TA,7,1,1955.0,3,797,0,58,0,Y,10,2008,Normal,569881
597,30,Edwards,2Story,76.5,13830,6,9,1995,2010,TA,Fa,1511,1315,1675,1,1,1,1,Gd,3,1,,0,0,0,38,0,Y,3,2009,Normal,351599
598,90,Edwards,2Story,92.8,8443,3,5,1953,1958,Gd,TA,846,1010,1418,1,0,4,2,Gd,7,2,1957.0,3,966,150,77,0,N,8,2009,Normal,344834
599,70,Somerst,SLvl,64.2,2887,10,9,1914,1935,Ex,NA,1460,1257,1672,3,1,2,2,TA,7,2,1916.0,3,619,150,12,0,Y,10,2006,Normal,539778
600,40,NridgHt,2Story,48.1,11627,4,8,1902,1909,TA,Fa,1507,1517,1665,3,1,4,2,Gd,8,2,,0,0,0,32,0,Y,5,2006,Normal,534247
601,90,Sawyer,1Story,,13546,8,8,1915,1932,TA,NA,1039,1862,2525,3,1,2,1,Gd,4,1,,0,0,0,119,0,N,5,2008,Normal,398406
602,60,NridgHt,2Story,85.1,12916,8,7,2004,2009,Gd,NA,843,890,1585,1,1,2,1,Gd,4,2,2004.0,2,552,0,137,0,Y,8,2008,Normal,553290
603,40,Mitchel,1.5Fin,77.0,12273,5,7,1952,1981,Gd,Gd,1304,1118,1650,2,1,4,2,TA,7,0,,0,0,150,54,0,Y,7,2010,Normal,368453
604,50,Mitchel,2Story,101.9,9036,3,6,1935,1967,TA,Gd,947,759,1160,1,1,5,1,Gd,7,2,1937.0,3,698,150,111,0,Y,4,2010,Normal,358590
605,40,Sawyer,SLvl,86.9,7112,4,2,1949,1979,TA,Gd,1197,1763,1944,2,0,5,2,Gd,10,0,1953.0,2,559,0,152,0,Y,12,2006,Abnorml,374897
606,80,Edwards,2Story,68.9,12817,9,5,1928,1956,TA,TA,1812,1791,2381,1,1,4,2,TA,8,0,1929.0,2,640,200,178,0,Y,7,2008,Normal,428830
607,50,Gilbert,1.5Fin,48.5,12291,10,7,1996,2005,TA,TA,1864,1710,2530,1,1,3,1,TA,6,2,2000.0,3,842,200,113,0,Y,7,2008,Normal,525522
608,20,Somerst,1Story,59.1,8144,10,8,2010,2010,TA,Gd,1491,1690,1848,2,1,3,2,TA,6,2,,0,0,100,48,0,Y,3,2008,Normal,496820
609,70,NridgHt,2Story,96.5,15160,4,6,1909,1913,Gd,Fa,1492,1048,1876,3,0,5,1,Fa,9,0,1910.0,2,460,0,142,0,Y,9,2006,Normal,539019
610,80,BrkSide,1Story,85.0,6792,7,7,1979,1993,TA,TA,716,1006,1601,2,1,2,1,TA,6,2,1982.0,3,743,0,34,0,Y,12,2010,Normal,373687
611,50,Edwards,2Story,,8049,3,2,1937,1957,TA,TA,891,1686,1828,3,1,5,1,Gd,9,0,,0,0,200,27,400,Y,9,2006,Normal,330787
612,90,Gilbert,2Story,108.9,17373,8,5,1905,1931,TA,TA,875,1476,1851,3,0,4,2,Gd,8,0,,0,0,150,71,0,Y,7,2010,Normal,412765
613,50,NAmes,SLvl,66.5,14148,5,6,2002,2005,TA,Gd,1509,1485,1653,3,1,4,2,Ex,8,2,,0,0,0,65,0,Y,8,2010,Normal,380107
614,40,Sawyer,SLvl,91.7,8996,8,9,1906,1938,Gd,TA,1594,1638,1766,1,1,3,1,Gd,5,0,1909.0,1,192,0,29,0,Y,3,2010,Normal,420146
615,70,Somerst,1Story,74.8,11707,8,4,1922,1940,Gd,Gd,1607,1867,1917,1,1,5,2,Gd,10,0,,0,0,200,10,0,N,1,2006,Normal,492883
616,30,Somerst,2Story,112.5,11150,10,3,1902,1937,Ex,TA,747,931,1609,2,1,4,1,Gd,8,2,,0,0,250,189,0,N,8,2008,Normal,449930
617,90,Gilbert,2Story,86.6,1500,6,4,1952,1973,Gd,Gd,1098,1395,1534,3,1,1,2,TA,4,1,1956.0,3,923,100,135,0,Y,3,2006,Normal,455418
618,70,OldTown,1Story,,6693,5,3,1966,1987,Gd,Gd,1230,2124,2445,3,0,4,2,TA,8,1,1967.0,1,250,0,143,0,Y,2,2009,Partial,364108
619,40,Gilbert,1Story,66.1,10286,6,6,1935,1962,TA,TA,1778,1898,2951,3,1,4,2,Gd,7,2,1937.0,1,240,150,13,0,Y,10,2010,Normal,489877
620,20,Sawyer,1Story,,9002,3,7,1907,1939,TA,TA,545,966,997,1,1,5,2,TA,9,0,1909.0,1,286,250,159,0,Y,6,2008,Normal,264998
621,60,Edwards,2Story,54.0,11538,3,8,1912,1918,TA,Gd,831,710,970,2,0,5,1,Gd,7,2,1914.0,3,1123,150,72,0,Y,11,2006,Partial,306193
622,60,CollgCr,1Story,39.9,15244,6,9,2003,2010,TA,NA,571,1130,1191,1,1,5,1,TA,9,0,2007.0,1,310,0,149,0,Y,11,2007,Normal,401870
623,80,Edwards,SLvl,76.8,9150,9,2,1989,1990,Fa,Ex,1266,1378,1675,1,0,1,2,TA,6,1,1991.0,1,285,0,98,0,Y,2,2006,Normal,373406
624,40,CollgCr,1Story,58.3,6058,6,3,2003,2010,Fa,NA,1958,1637,2080,1,0,4,1,Gd,8,0,2003.0,3,883,0,48,0,Y,10,2008,Abnorml,483111
625,30,Edwards,SLvl,,11864,9,4,1958,1990,Gd,Ex,1563,1249,2009,3,1,5,2,Gd,8,0,,0,0,0,52,0,Y,5,2007,Partial,397033
626,50,NridgHt,1Story,68.0,9128,3,3,1960,1994,Gd,Gd,735,1594,1658,1,1,5,1,Fa,7,0,1963.0,1,235,100,28,0,Y,9,2010,Normal,492512
627,80,CollgCr,2Story,71.1,9845,6,8,1987,1998,Gd,NA,1712,1524,1904,2,0,3,2,TA,8,1,1990.0,2,359,100,165,0,N,1,2007,Normal,469281
628,90,Sawyer,1Story,70.2,9275,7,3,1968,1983,TA,TA,1012,742,1343,3,1,5,2,TA,8,2,1971.0,2,698,200,85,0,Y,6,2007,Normal,345101
629,40,OldTown,2Story,108.2,19916,5,2,1948,1970,Gd,TA,982,842,1508,3,0,5,2,Ex,9,0,1951.0,3,1023,0,156,0,Y,8,2007,Abnorml,362462
630,20,BrkSide,1.5Fin,84.6,1500,2,8,1932,1947,Gd,TA,1175,1386,1540,2,0,1,1,Gd,5,1,1933.0,3,887,250,165,0,Y,6,2010,Abnorml,334664
631,20,Sawyer,SLvl,116.4,8869,2,9,1953,1960,TA,TA,698,492,790,2,1,5,2,Gd,9,2,1953.0,1,285,0,33,0,Y,7,2007,Normal,274374
632,60,OldTown,1.5Fin,60.3,10485,10,3,1907,1919,TA,TA,790,977,1193,2,0,4,1,Fa,6,2,1911.0,3,654,100,66,0,Y,1,2010,Abnorml,348910
633,20,Gilbert,1Story,87.2,7219,7,4,1921,1937,TA,Gd,787,974,1137,3,1,3,1,Gd,7,2,,0,0,0,24,0,Y,1,2009,Normal,378001
634,70,CollgCr,1Story,61.6,14279,4,6,1981,2001,TA,TA,1276,1329,1967,3,0,1,1,Gd,5,0,,0,0,0,1,550,Y,8,2007,Normal,418638
635,20,NAmes,1Story,57.7,13916,4,6,1996,2010,TA,NA,756,1385,1718,2,0,5,1,Fa,7,1,2000.0,3,856,200,197,0,Y,5,2008,Normal,394946
636,50,Mitchel,1Story,117.2,10299,2,9,1911,1932,TA,Fa,1535,1213,1843,2,1,2,2,Gd,6,1,,0,0,0,132,0,Y,7,2006,Normal,386322
637,80,BrkSide,2Story,53.1,9363,10,5,1910,1925,Gd,TA,407,846,867,2,0,3,2,Gd,7,1,1914.0,1,210,100,90,0,Y,5,2010,Partial,285619
638,50,CollgCr,2Story,20.9,10030,2,2,1909,1935,TA,TA,517,785,838,2,0,2,1,TA,5,0,1910.0,2,670,150,40,0,Y,1,2010,Normal,329217
639,70,OldTown,2Story,,10060,8,5,1987,2010,TA,TA,1237,1372,2018,3,0,5,2,Gd,10,0,1990.0,1,277,100,118,0,Y,9,2007,Normal,411401
640,40,CollgCr,1.5Fin,25.8,10171,4,6,1934,1951,Gd,Gd,332,473,600,1,1,3,2,Fa,8,2,1935.0,3,629,0,108,0,Y,2,2006,Normal,342696
641,80,Edwards,2Story,49.1,9710,5,6,1936,1955,Fa,Fa,1375,1716,2213,3,0,1,2,Ex,4,0,1936.0,1,243,0,44,0,Y,10,2008,Normal,392549
642,50,OldTown,1.5Fin,51.1,11560,4,6,1901,1909,Fa,TA,536,712,725,2,1,1,1,TA,5,2,1905.0,2,458,250,2,0,Y,1,2009,Normal,295316
643,80,Edwards,1Story,70.8,13663,9,9,2007,2010,TA,TA,1217,1549,2130,1,0,5,2,Gd,10,0,,0,0,0,93,0,Y,12,2009,Partial,382259
644,90,Gilbert,1Story,24.9,5333,2,8,1948,1982,TA,TA,556,902,1123,1,1,2,1,TA,4,1,,0,0,100,101,0,Y,4,2006,Normal,326932
645,50,CollgCr,2Story,96.3,6087,5,4,1988,1994,Gd,Ex,1869,2060,2128,2,1,4,2,TA,7,1,,0,0,0,159,0,Y,11,2006,Normal,477318
646,30,BrkSide,1.5Fin,28.7,3156,4,4,1978,1991,Gd,Fa,2933,1957,3140,1,0,1,1,TA,4,2,1982.0,2,622,200,78,550,Y,1,2007,Normal,428428
647,90,Sawyer,1Story,67.2,14139,4,7,1915,1925,Gd,Fa,391,479,600,1,1,5,2,TA,10,2,,0,0,200,19,0,N,6,2009,Normal,258216
648,70,Sawyer,2Story,62.9,11551,3,5,1988,2010,TA,Gd,1107,1141,1909,1,0,4,1,TA,8,0,1991.0,2,645,200,176,0,Y,6,2007,Partial,340460
649,90,CollgCr,2Story,88.2,12622,10,5,1961,1963,TA,Ex,376,730,882,3,1,2,1,Gd,5,2,1964.0,1,266,0,82,0,Y,2,2010,Normal,435085
650,50,Sawyer,1Story,77.7,4496,5,3,1967,1975,Fa,TA,769,1308,1830,3,0,5,1,Ex,7,0,1970.0,2,804,0,144,550,Y,6,2007,Partial,384722
651,40,BrkSide,1Story,96.1,17997,5,4,1922,1934,TA,Gd,940,1504,1526,1,1,2,1,Gd,4,2,1926.0,3,772,0,8,0,Y,3,2010,Normal,341082
652,20,CollgCr,1.5Fin,62.0,7943,5,7,1994,2010,TA,NA,1538,1243,1687,3,0,5,1,Gd,9,2,1994.0,3,732,100,7,0,Y,6,2010,Normal,465511
653,80,Sawyer,2Story,59.8,11206,10,8,2003,2010,Gd,Ex,1052,802,1312,2,1,3,2,Gd,7,0,,0,0,0,4,0,Y,5,2009,Partial,360346
654,80,Edwards,1Story,79.1,14088,5,8,1945,1966,Gd,Gd,1184,1850,2000,3,0,3,1,TA,6,1,1948.0,3,815,250,157,0,Y,3,2006,Partial,412550
655,80,Sawyer,1.5Fin,92.6,6355,5,4,1910,1939,TA,Ex,867,855,930,1,0,1,1,TA,5,2,1914.0,3,634,250,48,0,Y,10,2006,Normal,308093
656,40,Somerst,1Story,,8205,4,3,1994,2010,TA,TA,1396,1894,2196,1,0,2,1,Fa,4,2,1996.0,2,584,0,158,0,Y,7,2006,Normal,461996
657,50,BrkSide,1.5Fin,,11253,4,3,1998,2001,Gd,TA,775,1245,1404,1,1,1,1,Gd,3,1,,0,0,200,188,0,Y,11,2009,Normal,321241
658,50,CollgCr,1Story,75.1,22501,2,5,1956,1961,TA,Fa,556,587,877,3,0,5,1,TA,9,0,1958.0,2,573,100,132,0,N,10,2009,Normal,348688
659,20,Edwards,2Story,69.2,11765,7,6,1964,1967,TA,NA,1260,2047,2441,2,1,1,2,TA,4,1,1967.0,2,452,150,197,0,Y,4,2010,Partial,426492
660,20,OldTown,1Story,79.0,17247,2,9,1924,1960,Gd,TA,1346,861,1518,1,1,1,1,Fa,5,2,1926.0,2,529,250,185,0,Y,4,2010,Normal,321427
661,40,OldTown,1Story,114.8,15564,4,9,1907,1933,TA,Gd,1506,1607,2516,3,0,1,2,TA,6,1,1911.0,1,304,0,144,0,N,12,2007,Normal,379783
662,60,Edwards,1.5Fin,64.7,12046,3,2,2004,2010,TA,Gd,1647,2095,2161,3,0,5,1,Gd,7,0,2007.0,2,744,0,160,0,Y,4,2007,Normal,383650
663,90,Edwards,1Story,62.0,6345,4,7,1953,1984,TA,Fa,747,1074,1217,2,0,5,2,Ex,9,0,1955.0,2,474,0,120,0,Y,2,2009,Normal,303980
664,80,CollgCr,1Story,60.3,14951,8,4,1930,1953,Gd,Gd,1487,1085,1659,3,0,4,1,Fa,8,0,1931.0,1,274,250,43,0,Y,7,2009,Normal,436644
665,70,Sawyer,1Story,78.6,4208,7,3,1976,1985,Gd,Fa,1306,1040,1733,1,1,1,2,TA,5,1,1977.0,3,753,150,20,0,Y,12,2007,Normal,409050
666,90,Gilbert,2Story,23.3,17224,10,6,1902,1922,Ex,Fa,1660,2426,2483,2,1,3,2,TA,6,1,1902.0,2,490,0,76,0,Y,3,2006,Family,491557
667,80,BrkSide,1.5Fin,67.0,11340,5,2,1908,1936,TA,TA,867,1102,1835,3,1,5,2,TA,8,1,1908.0,1,251,0,95,0,N,8,2006,Normal,317528
668,60,Sawyer,SLvl,89.4,1500,10,4,1926,1927,TA,TA,1644,1221,1835,2,1,1,2,TA,4,2,1928.0,2,626,150,69,0,Y,5,2010,Family,404145
669,90,CollgCr,1Story,58.4,9070,2,6,1950,1974,Fa,NA,1019,919,1454,1,1,4,2,TA,7,1,1950.0,3,781,0,20,0,Y,5,2007,Normal,381757
670,90,NAmes,1Story,74.1,13247,6,4,1940,1959,TA,TA,905,900,1626,3,1,1,2,Fa,4,1,1942.0,1,370,0,100,0,Y,6,2009,Normal,377938
671,30,Somerst,1Story,116.4,9504,9,6,1920,1922,Gd,TA,2076,1626,2351,3,0,5,2,TA,8,1,1920.0,2,593,250,99,0,Y,2,2010,Normal,549477
672,40,Somerst,2Story,77.3,13503,6,5,1938,1948,Fa,TA,710,1633,1652,3,1,3,1,Gd,7,1,,0,0,100,190,0,Y,5,2010,Normal,395454
673,90,OldTown,SLvl,20.7,6930,10,8,1937,1954,Gd,TA,894,1098,1560,2,1,5,2,Ex,9,2,1940.0,1,265,0,190,0,Y,4,2008,Normal,400688
674,20,Sawyer,2Story,39.0,5015,4,3,1958,1971,Ex,Gd,924,1033,1329,1,0,3,2,Ex,6,0,1958.0,2,496,0,123,0,Y,10,2009,Normal,327771
675,60,Gilbert,2Story,64.5,10200,2,2,1962,1973,TA,NA,754,1137,1284,1,1,4,1,Gd,6,1,1963.0,3,936,0,170,0,Y,3,2006,Normal,371424
676,50,Sawyer,1Story,52.3,10633,8,6,1998,2010,TA,TA,680,820,1027,3,1,5,2,TA,8,0,1998.0,2,429,0,62,0,Y,11,2010,Normal,357591
677,70,CollgCr,1.5Fin,72.3,9037,2,4,1989,2005,Fa,TA,649,1053,1190,3,0,2,2,TA,5,0,1989.0,2,453,100,193,0,Y,1,2010,Normal,349230
678,90,BrkSide,1Story,63.5,15655,8,7,1932,1951,TA,Ex,1141,2051,2419,1,1,4,1,Gd,8,0,1933.0,1,256,0,188,0,Y,5,2007,Normal,391959
679,40,OldTown,1Story,95.7,6929,8,2,2000,2010,Gd,Fa,673,1319,1601,2,1,3,1,Gd,5,1,2000.0,2,615,250,25,0,Y,4,2007,Normal,365676
680,30,Somerst,1Story,46.0,11815,9,6,1957,1960,Gd,TA,1004,1738,2063,2,1,3,1,TA,6,2,1957.0,1,329,0,140,0,Y,6,2009,Normal,503788
681,40,Somerst,1Story,65.4,10785,6,9,1920,1934,Ex,TA,601,591,650,2,1,4,2,TA,8,2,,0,0,0,91,0,Y,10,2008,Normal,375139
682,70,BrkSide,1Story,74.8,3962,10,2,1937,1939,TA,Ex,1449,1759,2023,2,1,2,2,TA,5,0,,0,0,150,53,0,Y,12,2009,Normal,365306
683,40,OldTown,1Story,,4960,3,4,1982,2010,TA,Fa,1002,1357,1498,3,0,1,1,Gd,3,2,1986.0,2,553,150,82,0,Y,9,2006,Abnorml,346059
684,70,OldTown,1Story,73.2,10550,5,8,1991,1998,Gd,TA,852,858,1394,3,0,3,2,Gd,6,0,1993.0,3,935,0,181,0,Y,7,2007,Normal,379020
685,40,Edwards,2Story,20.0,18821,3,6,1941,1973,TA,TA,1312,1421,1662,1,1,5,1,TA,7,0,1943.0,1,234,0,184,0,Y,7,2009,Normal,324206
686,70,Edwards,1Story,71.8,12933,8,3,1917,1924,TA,Gd,698,1289,1462,2,0,1,2,TA,6,1,1921.0,3,619,0,68,0,Y,12,2010,Abnorml,346406
687,20,CollgCr,1Story,66.7,3252,8,3,1921,1933,TA,Gd,386,479,700,3,1,2,1,TA,6,2,1924.0,3,892,200,92,0,Y,12,2006,Partial,382268
688,40,CollgCr,SLvl,89.0,1500,9,8,1911,1935,Gd,Gd,1649,2045,2168,1,1,4,2,Fa,8,1,1913.0,2,480,0,103,0,Y,10,2009,Normal,468083
689,40,OldTown,2Story,,13579,8,8,1977,2010,Gd,Gd,1205,1248,1817,3,0,3,1,Gd,7,0,1981.0,3,832,250,146,0,Y,2,2006,Normal,427399
690,60,Somerst,2Story,75.3,10096,4,4,1955,1962,TA,TA,1194,956,1449,2,1,4,2,Gd,9,1,1957.0,1,285,100,95,0,Y,4,2010,Normal,409476
691,70,Edwards,1Story,,15293,2,5,1950,1958,TA,TA,970,1021,1086,2,0,3,2,Gd,8,0,1953.0,1,290,250,79,0,N,4,2007,Family,297361
692,70,Edwards,1.5Fin,99.8,6801,10,8,1974,2009,Gd,TA,891,691,1044,1,0,5,2,Gd,8,0,1978.0,2,635,0,184,0,Y,3,2007,Normal,381473
693,90,Sawyer,1Story,95.3,11971,6,3,1991,2003,Ex,TA,881,1295,1757,3,0,5,1,Gd,9,0,1994.0,2,627,0,74,0,Y,12,2009,Normal,405940
694,80,OldTown,1Story,76.1,14054,2,3,1988,1996,Fa,TA,1047,1663,2324,2,0,3,1,Ex,6,1,1990.0,2,576,0,53,0,Y,2,2010,Abnorml,372343
695,20,Mitchel,1.5Fin,117.2,8621,10,8,1915,1944,TA,Gd,911,1763,1848,2,1,3,1,Ex,6,0,1918.0,1,262,200,65,0,Y,11,2008,Normal,432464
696,70,Sawyer,2Story,56.2,8710,10,3,1965,1968,Gd,Fa,903,820,1086,2,0,2,1,TA,6,2,1968.0,3,853,150,66,0,Y,10,2007,Normal,364278
697,20,CollgCr,2Story,43.9,10606,6,8,1997,2010,TA,TA,1587,1516,1758,1,0,3,1,Gd,6,0,,0,0,0,111,0,Y,7,2010,Normal,442513
698,50,Edwards,2Story,69.8,12779,8,5,1985,2010,TA,TA,1522,1519,1674,3,0,5,2,TA,8,0,,0,0,200,132,0,Y,4,2010,Normal,378004
699,60,CollgCr,2Story,61.8,10440,2,9,1936,1970,Gd,NA,1108,1636,1965,1,0,3,1,Gd,5,2,1937.0,1,385,250,26,0,N,4,2008,Normal,398245
700,40,OldTown,1Story,20.0,14591,2,2,1943,1954,Gd,TA,1587,1795,1841,1,0,4,1,Gd,6,2,,0,0,150,177,400,Y,9,2006,Normal,335947
701,70,Edwards,1Story,55.6,8560,4,9,1998,2002,Fa,TA,417,547,600,3,1,3,1,Gd,5,1,2001.0,1,298,200,50,0,Y,9,2010,Normal,287232
702,80,CollgCr,1Story,,4921,7,3,1903,1920,TA,TA,1651,1414,1937,1,1,4,1,Ex,7,0,1905.0,2,504,0,22,0,Y,7,2009,Normal,439172
703,60,NAmes,1Story,,18803,3,2,1958,1971,Gd,Fa,767,1069,1093,3,0,4,2,Gd,9,0,1960.0,1,321,100,133,0,Y,7,2008,Normal,329834
704,60,Somerst,1.5Fin,52.9,7961,2,7,1912,1950,TA,Fa,417,682,868,2,0,3,1,TA,6,2,,0,0,200,41,0,Y,10,2006,Normal,338513
705,90,Sawyer,1Story,70.9,8113,8,6,1999,2010,TA,Gd,714,902,1610,3,0,5,1,TA,8,2,1999.0,1,311,150,150,0,Y,10,2010,Normal,375063
706,70,Edwards,2Story,72.7,10224,8,8,1904,1941,TA,TA,1758,1265,1897,1,0,5,1,Ex,7,2,1904.0,2,577,150,189,0,Y,10,2009,Normal,385951
707,30,BrkSide,2Story,85.7,10782,8,2,1902,1932,Gd,Fa,579,757,912,3,1,1,2,Ex,5,2,1905.0,3,964,200,138,0,N,4,2007,Normal,330700
708,70,Edwards,2Story,55.9,8876,9,2,1936,1964,Ex,Fa,1223,1280,2063,1,0,2,1,Gd,6,0,1940.0,3,993,150,155,0,Y,1,2007,Normal,399624
709,50,Mitchel,1Story,89.2,10427,9,6,1922,1926,Gd,Gd,1246,1700,2091,3,0,5,1,TA,7,2,1926.0,2,583,0,98,0,Y,6,2007,Normal,457082
710,20,OldTown,1Story,46.0,10333,7,9,1954,1956,Fa,TA,1033,1210,1698,2,1,3,2,Gd,7,1,,0,0,0,69,0,Y,5,2010,Normal,334744
711,90,Gilbert,SLvl,58.9,11234,6,5,1933,1934,TA,TA,1135,975,1234,1,0,2,2,Gd,7,2,,0,0,200,122,0,Y,5,2008,Normal,349507
712,80,Sawyer,2Story,,1500,9,8,1939,1962,TA,Gd,545,691,1255,2,1,4,1,TA,7,1,1942.0,1,244,0,71,0,Y,7,2010,Normal,359962
713,60,NAmes,1.5Fin,,18400,5,9,1962,1970,Ex,TA,986,1973,2117,1,1,4,1,TA,7,2,,0,0,150,175,0,Y,12,2009,Abnorml,368563
714,70,Mitchel,1.5Fin,55.5,9881,2,8,1962,2001,TA,TA,688,588,825,1,1,1,2,TA,4,2,1963.0,2,556,100,93,0,Y,10,2007,Normal,307428
715,60,Edwards,2Story,42.4,12939,8,6,2003,2008,TA,Gd,1552,1355,2211,3,0,1,1,Gd,5,2,2006.0,1,210,150,99,0,N,9,2008,Normal,449007
716,40,Somerst,1Story,51.8,4712,4,7,1953,1990,TA,Gd,716,1136,1521,2,1,5,1,Gd,8,1,1953.0,3,939,0,134,0,Y,9,2010,Normal,441174
717,90,NridgHt,2Story,73.0,8522,10,6,1962,1988,Gd,Fa,714,1310,1704,3,1,4,2,Gd,7,0,1964.0,1,241,0,37,0,Y,5,2008,Family,605364
718,60,NridgHt,1Story,85.5,7676,5,7,1975,1979,TA,Fa,421,674,805,3,1,2,2,TA,6,1,1976.0,1,261,150,112,0,Y,7,2009,Normal,484765
719,40,NAmes,2Story,69.6,16673,9,6,1919,1921,Ex,Fa,899,1301,1655,2,0,5,1,TA,9,1,1923.0,2,543,0,150,0,Y,6,2006,Normal,416594
720,70,BrkSide,SLvl,62.9,8040,2,6,1974,1989,Ex,NA,752,1051,1845,2,1,1,2,Gd,6,0,,0,0,0,155,0,Y,10,2008,Normal,305778
721,30,NridgHt,2Story,,13684,7,5,1995,2008,TA,NA,536,974,1034,1,1,5,2,TA,8,2,1996.0,3,799,250,44,0,Y,12,2008,Normal,530012
722,40,Mitchel,1Story,54.0,7768,6,7,1935,1947,Gd,TA,1523,1427,1889,1,1,1,2,Gd,5,0,1937.0,2,555,0,10,0,Y,6,2007,Normal,392337
723,30,Somerst,1Story,36.0,8599,6,8,1919,1940,Ex,Gd,1473,990,1693,3,1,4,2,TA,9,1,1919.0,2,555,150,38,0,Y,9,2010,Normal,464045
724,20,NridgHt,SLvl,86.2,9469,4,9,1938,1943,TA,Fa,1154,1159,1291,1,0,5,1,Ex,9,2,1938.0,1,262,0,163,0,Y,1,2007,Normal,508563
725,80,Somerst,1Story,,15892,10,6,1930,1935,Gd,TA,1327,1830,2160,2,1,4,1,Gd,7,2,1932.0,3,747,150,53,0,N,5,2010,Normal,517517
726,50,BrkSide,1Story,69.1,2563,5,2,1964,1991,TA,Gd,360,526,625,1,1,4,1,Ex,6,1,1967.0,3,970,0,11,0,Y,11,2006,Normal,294055
727,80,BrkSide,1Story,,4974,9,6,1995,2010,TA,NA,1797,1404,1891,3,1,2,1,TA,6,2,,0,0,150,119,0,N,9,2008,Normal,402838
728,70,Mitchel,1Story,89.3,2321,5,4,1966,1976,TA,Gd,1977,1765,2402,2,0,2,2,Ex,6,2,1966.0,2,544,100,176,0,Y,7,2008,Normal,450224
729,30,Gilbert,1Story,72.2,5932,2,2,1913,1950,Ex,NA,1559,1774,2241,2,1,2,2,Gd,6,0,1916.0,3,784,150,44,0,Y,3,2007,Partial,404907
730,30,Sawyer,2Story,100.7,7091,9,2,1934,1947,TA,TA,1033,1095,1912,3,1,1,2,TA,6,2,1934.0,1,297,0,8,0,Y,10,2008,Normal,404846
731,50,Edwards,1Story,47.5,3719,3,6,1976,1989,TA,Ex,825,979,1430,1,1,2,1,TA,5,1,1980.0,2,444,100,28,0,Y,12,2010,Normal,341057
732,20,Somerst,1Story,62.3,7417,4,9,1936,1939,Gd,Fa,885,1288,1295,1,0,2,1,TA,5,1,1936.0,3,780,100,25,0,Y,5,2008,Normal,449875
733,60,Sawyer,1Story,59.7,2038,9,6,1965,1981,TA,TA,1103,1339,1580,2,1,4,1,TA,6,0,1965.0,1,276,0,40,0,Y,10,2008,Normal,411435
734,50,NAmes,1Story,84.2,6224,10,5,1977,1996,Fa,TA,820,1485,2011,1,0,2,2,TA,7,1,1979.0,2,646,0,36,0,Y,8,2010,Normal,416886
735,30,Sawyer,1Story,38.4,15542,10,2,1936,1962,Gd,TA,1264,886,1363,1,1,1,1,TA,4,2,1940.0,2,587,150,127,0,Y,5,2010,Abnorml,378906
736,60,NAmes,2Story,101.9,12195,5,7,1971,1977,Gd,Gd,1425,1761,1989,1,0,4,2,Gd,9,2,,0,0,100,44,0,Y,4,2006,Normal,389635
737,80,Gilbert,1Story,82.4,11287,8,2,1944,1951,TA,Gd,1972,1817,2724,3,0,3,2,Ex,6,2,,0,0,150,109,0,Y,7,2009,Family,495317
738,90,Somerst,1Story,,6288,4,8,1914,1931,TA,Ex,811,978,1570,1,1,2,1,Gd,6,2,1914.0,2,631,250,80,0,Y,5,2010,Normal,397363
739,50,Somerst,1Story,69.1,4048,8,8,1941,1943,TA,Gd,866,653,1055,1,1,4,2,Ex,8,1,,0,0,0,130,0,N,8,2010,Family,440678
740,20,Somerst,1Story,,5716,6,9,1948,1953,Gd,Gd,809,882,1005,3,1,2,2,Gd,5,2,1948.0,3,831,250,131,0,Y,2,2010,Normal,449039
741,80,Somerst,1Story,,10319,2,4,1900,1925,Ex,TA,870,1614,1923,1,0,4,2,Gd,7,0,1901.0,2,559,250,118,0,Y,6,2006,Normal,392503
742,60,Somerst,1Story,92.7,14146,5,3,1999,2010,TA,Gd,1161,928,1596,1,0,1,1,Gd,3,2,2002.0,2,529,150,178,0,Y,9,2009,Normal,444029
743,80,Somerst,1.5Fin,54.3,14290,6,4,1958,1980,Fa,TA,1578,1246,2071,2,1,3,1,TA,5,0,1961.0,1,388,0,39,0,Y,11,2010,Normal,462870
744,20,Gilbert,1Story,26.1,13149,4,8,1904,1909,Gd,Gd,1155,1122,1344,1,1,3,1,TA,6,1,1907.0,1,263,0,104,0,Y,4,2008,Normal,371359
745,40,Sawyer,2Story,29.8,7402,5,3,1996,2010,TA,Gd,1039,1633,2024,3,1,2,2,TA,7,2,1999.0,1,298,0,78,200,Y,8,2006,Normal,377287
746,40,Gilbert,1Story,75.8,10603,6,9,1994,2010,Gd,NA,1389,1352,1574,2,0,4,2,Fa,9,2,1998.0,2,499,150,106,0,Y,4,2006,Normal,461915
747,70,NridgHt,1Story,103.9,9150,2,3,1901,1929,Ex,NA,784,755,1198,3,1,2,1,Gd,6,2,1903.0,1,301,0,27,0,Y,10,2007,Normal,457557
748,70,BrkSide,1Story,41.4,9655,3,2,1918,1925,TA,Fa,626,1212,1383,1,1,4,1,Gd,7,2,1922.0,1,315,250,63,0,Y,5,2010,Partial,280123
749,70,Mitchel,2Story,64.0,19056,8,3,1940,1963,Gd,Ex,516,1093,1125,2,0,2,2,Gd,6,1,,0,0,150,188,0,Y,9,2006,Normal,337948
750,50,CollgCr,1.5Fin,62.3,3100,5,8,1956,1959,TA,TA,1313,2117,2580,1,0,3,2,TA,6,0,1956.0,2,556,100,160,0,N,6,2009,Normal,481212
751,40,Sawyer,1Story,112.3,9514,7,6,1980,2005,Gd,Gd,905,1040,1629,1,0,4,2,Gd,7,2,1980.0,2,488,0,85,0,Y,4,2006,Normal,373944
752,30,OldTown,1Story,119.7,15589,7,4,1947,1955,TA,TA,1336,1698,1984,2,0,5,2,TA,9,1,1948.0,2,468,0,22,0,Y,7,2010,Normal,373431
753,40,CollgCr,1Story,,4343,6,7,1967,2003,Gd,Fa,1130,981,1392,3,1,2,2,Gd,7,2,1967.0,1,321,150,129,0,Y,8,2006,Abnorml,447277
754,30,Sawyer,1Story,89.8,7796,5,7,1901,1903,TA,Gd,563,641,1120,1,1,3,2,Gd,6,1,,0,0,200,60,0,Y,9,2007,Partial,313117
755,80,NAmes,2Story,89.1,8278,6,6,1973,1999,TA,NA,1455,1055,1538,3,0,3,2,TA,6,2,1975.0,1,183,0,65,0,Y,10,2006,Normal,406030
756,70,BrkSide,1Story,41.8,9562,9,6,2001,2006,Gd,TA,1102,2158,2254,1,1,5,1,Gd,7,1,2003.0,1,351,0,19,0,Y,9,2008,Normal,387520
757,70,Sawyer,1Story,85.4,3797,10,2,1958,1985,TA,Gd,1095,1103,1500,1,1,5,1,TA,7,0,,0,0,0,57,0,Y,11,2009,Partial,369388
758,90,Mitchel,SLvl,47.6,13000,4,4,1950,1969,Fa,Gd,1077,1110,1182,2,1,4,1,TA,6,0,1951.0,3,810,200,42,0,Y,6,2008,Normal,351191
759,70,NridgHt,1Story,66.2,13298,8,6,1932,1970,Gd,Fa,1522,1382,1775,2,0,5,2,TA,8,2,1934.0,1,346,150,6,0,Y,7,2008,Abnorml,571726
760,40,BrkSide,1Story,95.1,12635,10,3,2005,2010,TA,TA,1505,1557,1990,2,1,1,1,TA,3,2,2005.0,1,274,0,117,0,Y,6,2009,Normal,416338
761,40,CollgCr,2Story,71.8,6844,2,5,1903,1917,TA,Ex,1856,1292,2339,3,1,4,2,Gd,8,0,1906.0,2,547,0,193,0,Y,7,2008,Normal,456002
762,30,BrkSide,1Story,94.3,10863,9,2,1931,1934,TA,Gd,898,1585,1895,1,1,5,2,Gd,10,2,1935.0,3,693,0,25,0,Y,2,2009,Normal,406239
763,70,CollgCr,1Story,98.6,6722,6,8,1915,1938,Gd,NA,794,1173,1959,3,1,4,1,TA,6,2,1915.0,1,215,200,10,0,Y,11,2007,Normal,449189
764,80,Edwards,1Story,31.3,9103,10,2,1996,2010,Gd,Gd,1338,1604,2095,3,0,3,1,Gd,5,1,1996.0,2,547,200,20,0,N,7,2006,Abnorml,442197
765,70,CollgCr,1.5Fin,22.1,19545,7,2,1953,1955,Gd,NA,504,748,1122,3,1,5,1,Gd,9,2,,0,0,0,109,0,N,7,2006,Normal,428035
766,50,Somerst,1Story,95.6,10902,9,7,2002,2010,Ex,TA,753,917,1263,1,0,4,2,Gd,7,0,2005.0,2,584,150,165,0,Y,11,2006,Normal,467866
767,40,Sawyer,1Story,96.5,5512,3,3,1973,1981,Gd,Gd,552,835,1055,2,1,5,1,TA,9,1,,0,0,0,61,0,Y,6,2006,Normal,257429
768,50,OldTown,1Story,75.6,11257,3,4,1961,1970,Fa,Gd,846,521,936,3,1,1,1,Ex,4,1,,0,0,100,23,0,Y,6,2006,Normal,274709
769,40,BrkSide,1Story,78.6,4822,10,4,1957,1957,Gd,TA,1885,1446,2132,3,1,4,1,Fa,8,1,1960.0,2,413,0,19,0,Y,7,2006,Partial,434519
770,30,NridgHt,2Story,,5464,6,3,1922,1936,Ex,TA,1522,1781,1789,3,0,3,1,Gd,5,0,,0,0,200,121,0,N,12,2006,Normal,567450
771,50,NridgHt,1Story,89.2,6127,7,8,1962,1970,Gd,Ex,1358,986,1713,3,0,5,2,Gd,8,1,,0,0,100,71,0,Y,4,2009,Normal,557025
772,30,Mitchel,2Story,63.3,8634,3,7,1976,1978,Gd,Gd,279,399,575,2,1,5,2,Gd,9,1,,0,0,200,70,0,Y,2,2007,Normal,298102
773,70,Somerst,2Story,91.0,14435,4,3,2007,2010,TA,Fa,1103,1797,2587,1,0,5,1,Gd,7,0,2010.0,3,841,100,47,0,Y,2,2008,Partial,468695
774,90,Edwards,1.5Fin,62.4,12929,9,7,1960,1968,Ex,TA,984,934,1296,1,0,2,2,Gd,5,1,1960.0,2,485,100,179,0,Y,9,2006,Normal,395562
775,30,Mitchel,1Story,75.4,12697,4,7,2004,2009,TA,TA,1947,2218,2585,1,0,3,2,TA,8,1,2008.0,1,278,250,74,0,Y,1,2010,Normal,429872
776,20,Gilbert,1.5Fin,74.4,5885,7,6,2004,2010,TA,Gd,591,648,979,3,0,1,1,Gd,3,2,2004.0,3,801,250,141,0,Y,9,2007,Normal,418798
777,80,NridgHt,2Story,51.1,8226,4,6,1958,1960,Gd,TA,799,916,1210,1,0,5,1,Gd,8,1,1962.0,1,297,100,148,0,Y,11,2008,Normal,529218
778,40,OldTown,1Story,53.7,11642,4,9,1948,1987,TA,TA,401,504,600,2,0,2,2,Gd,7,1,1950.0,3,843,0,11,200,Y,9,2009,Normal,308430
779,40,OldTown,2Story,119.2,7861,3,5,1915,1933,Gd,Gd,930,1216,1749,3,0,4,2,Gd,7,1,1918.0,1,230,150,49,0,Y,3,2010,Normal,306525
780,80,CollgCr,1.5Fin,,9331,10,5,1929,1968,Gd,NA,700,1193,1221,1,1,3,1,Fa,5,1,,0,0,0,179,0,Y,8,2009,Normal,400815
781,80,OldTown,1Story,78.1,12354,10,6,1997,2010,Fa,Fa,778,1224,1235,2,1,5,1,Gd,8,0,,0,0,0,176,0,Y,6,2008,Abnorml,395979
782,60,CollgCr,1.5Fin,82.8,9035,3,8,1915,1954,TA,Gd,670,553,916,2,1,5,2,TA,8,2,1919.0,1,335,200,82,0,Y,1,2007,Normal,377905
783,30,Sawyer,1Story,68.8,11449,5,7,1944,1965,Gd,Fa,1850,1408,1998,3,1,4,2,Gd,9,1,,0,0,250,31,0,Y,3,2007,Normal,400914
784,70,NAmes,2Story,84.8,17189,7,2,1977,1993,TA,TA,1404,1298,2017,2,0,4,1,Gd,6,1,,0,0,0,59,0,N,9,2006,Abnorml,362660
785,70,NridgHt,SLvl,77.2,9778,5,5,1926,1954,Gd,TA,2001,1582,2495,2,1,1,1,TA,3,0,1929.0,1,321,0,189,0,Y,7,2007,Normal,600460
786,50,Mitchel,1Story,50.9,15453,8,7,2008,2010,TA,Gd,1157,1057,1371,3,0,5,2,Ex,8,2,2012.0,3,872,250,134,0,Y,6,2009,Normal,428626
787,60,Sawyer,1.5Fin,81.8,12849,4,3,1972,2005,TA,NA,788,1370,1705,3,0,1,1,TA,3,1,,0,0,0,15,0,Y,10,2007,Abnorml,350674
788,60,Somerst,1Story,58.0,4338,2,9,1903,1915,Gd,TA,707,690,931,3,0,3,1,Gd,5,0,,0,0,0,143,0,N,7,2007,Normal,353551
789,70,NAmes,2Story,108.3,5871,5,8,1927,1927,TA,Fa,974,985,1464,3,1,2,2,Gd,6,0,1927.0,3,985,0,29,0,Y,12,2006,Normal,379470
790,60,BrkSide,2Story,79.4,6999,7,8,1982,1991,TA,Gd,1019,963,1426,3,0,2,1,TA,5,1,,0,0,0,60,0,Y,1,2007,Normal,338195
791,90,NAmes,1Story,54.6,6910,3,2,1995,2004,Gd,Gd,757,1792,1798,3,1,5,2,Gd,9,2,1996.0,3,930,250,96,0,Y,4,2006,Normal,372000
792,20,NridgHt,1Story,77.5,10121,9,6,2002,2002,TA,NA,1988,2137,2213,3,0,2,2,Fa,5,0,2004.0,2,523,0,70,0,Y,3,2008,Family,637125
793,20,NridgHt,1Story,49.7,13082,2,6,1994,2010,TA,TA,1872,1183,2026,1,1,3,1,Fa,5,0,1998.0,3,816,0,139,0,Y,5,2007,Normal,526200
794,30,CollgCr,1Story,75.7,15772,2,7,1908,1911,Gd,Ex,460,968,1145,2,1,2,1,Gd,4,1,1909.0,2,551,150,31,200,Y,11,2010,Normal,393558
795,30,Sawyer,1Story,65.0,11794,6,8,1980,2010,TA,Fa,1101,1609,2129,1,1,5,2,Gd,8,1,1980.0,2,556,150,175,0,Y,5,2008,Partial,380931
796,50,CollgCr,1Story,51.8,8628,6,4,1912,1930,TA,Gd,813,1401,1629,2,0,4,1,TA,8,2,,0,0,200,118,0,N,4,2007,Partial,374801
797,20,OldTown,1Story,51.5,1755,4,6,1908,1936,Fa,Fa,1198,1182,1444,2,1,3,2,Gd,6,2,1911.0,2,372,250,61,0,Y,2,2008,Normal,333177
798,30,BrkSide,1Story,123.6,10796,4,7,1976,1989,Gd,NA,918,1197,1260,3,0,1,1,TA,3,1,1979.0,2,562,0,191,0,Y,5,2010,Normal,352292
799,60,Mitchel,2Story,72.0,10608,2,8,1953,1958,TA,Ex,637,743,1281,2,0,1,2,Gd,5,1,1957.0,3,830,0,95,0,N,3,2006,Normal,338511
800,90,OldTown,2Story,60.5,11268,7,8,1971,1978,TA,TA,2129,1776,2511,3,0,2,1,Gd,4,1,,0,0,0,83,0,Y,3,2007,Normal,407520
801,80,Mitchel,2Story,56.7,19346,5,4,1994,2010,Fa,NA,1054,1761,1773,3,0,3,1,TA,6,1,,0,0,250,4,0,Y,2,2008,Partial,357199
802,30,Mitchel,1Story,80.4,15711,3,9,1907,1935,Ex,NA,1084,1048,1659,3,0,5,2,TA,9,0,,0,0,0,199,0,Y,8,2006,Normal,332343
803,20,Sawyer,1.5Fin,56.0,13797,5,2,1958,1968,TA,TA,919,910,1499,1,1,1,1,TA,5,1,1958.0,3,797,250,169,0,Y,9,2008,Normal,349288
804,70,CollgCr,2Story,45.9,6459,10,5,1992,2006,TA,TA,2008,2567,2924,3,0,3,1,TA,5,2,,0,0,0,35,0,Y,9,2006,Normal,538486
805,80,OldTown,1Story,69.3,8345,4,6,1948,1985,Ex,TA,1479,2003,2226,1,0,2,2,Gd,5,1,1952.0,3,961,200,189,0,Y,1,2010,Normal,393235
806,90,NridgHt,1Story,69.1,10102,10,2,1958,1992,TA,Gd,774,1197,1404,2,1,1,2,Gd,6,1,1961.0,1,303,150,159,0,N,12,2009,Normal,559415
807,50,Mitchel,2Story,60.8,7243,4,5,1955,1971,TA,TA,930,1321,1469,2,0,4,1,Gd,7,2,1958.0,1,295,150,84,0,Y,7,2006,Normal,368967
808,20,BrkSide,1Story,50.4,12602,3,6,2000,2009,TA,Gd,1324,1269,1472,1,1,4,2,Gd,7,0,2003.0,3,820,150,185,0,Y,7,2008,Normal,333096
809,90,Somerst,2Story,,11999,4,6,1905,1917,TA,Gd,1130,1021,1670,3,1,5,1,Gd,8,0,1906.0,2,720,0,111,0,Y,11,2007,Normal,425518
810,40,OldTown,SLvl,59.7,5929,4,2,1997,2010,Ex,TA,1142,1041,1263,3,1,3,1,TA,6,2,1997.0,2,624,0,137,0,Y,4,2008,Normal,340915
811,50,Mitchel,1Story,56.6,15527,3,4,1990,2010,TA,Fa,1255,1606,1786,2,0,2,1,Gd,6,2,1993.0,3,750,0,36,0,Y,7,2008,Partial,392559
812,50,OldTown,1Story,76.1,10930,7,3,1990,1997,Gd,Gd,1952,2228,2372,1,0,5,2,Ex,10,1,1994.0,3,672,0,21,0,Y,1,2010,Normal,439699
813,90,Edwards,SLvl,119.0,3238,5,7,1945,1947,TA,Gd,558,657,994,1,0,2,2,TA,6,2,1945.0,2,605,250,105,0,Y,6,2006,Normal,293492
814,40,Mitchel,2Story,99.3,10284,8,4,1957,1976,Gd,Ex,967,704,1158,1,1,4,1,Ex,6,1,1957.0,1,278,150,65,0,Y,4,2008,Normal,387911
815,60,Gilbert,1Story,112.7,11681,6,6,1940,1971,Ex,Gd,773,1278,1418,3,0,5,2,Fa,10,2,1943.0,3,669,150,196,0,Y,3,2010,Normal,403792
816,60,OldTown,1.5Fin,57.5,14586,5,7,1927,1933,Fa,NA,581,942,1415,2,1,1,1,Gd,3,0,1929.0,2,594,0,17,0,N,8,2006,Normal,309819
817,90,NAmes,1.5Fin,106.8,9083,6,8,1997,2010,TA,TA,1274,1473,2609,1,0,5,1,Ex,9,2,2001.0,3,808,100,152,0,Y,2,2007,Partial,472097
818,90,Somerst,2Story,,13977,3,3,1956,1962,Gd,Gd,847,1894,2056,2,1,2,1,TA,5,0,1958.0,3,904,0,120,0,Y,12,2009,Normal,429357
819,70,Mitchel,2Story,91.7,11286,8,9,1980,1989,Gd,NA,1983,1675,2153,3,0,3,2,TA,7,0,1982.0,2,595,0,175,0,Y,3,2006,Normal,484979
820,20,Somerst,1Story,80.1,4977,2,3,1911,1935,TA,Ex,1352,992,1423,2,1,2,1,TA,6,2,1911.0,1,256,150,199,0,Y,1,2007,Normal,370970
821,40,NridgHt,1Story,62.4,4556,8,2,1987,1998,Fa,TA,1280,867,1563,2,0,1,2,Gd,5,0,1991.0,3,916,0,174,0,Y,6,2010,Partial,546647
822,70,OldTown,2Story,85.8,15215,10,2,1973,1983,Gd,Fa,484,596,1053,1,0,4,1,Gd,7,1,1974.0,3,780,0,74,0,Y,5,2008,Normal,335820
823,80,Sawyer,1Story,80.7,15523,8,3,2010,2010,Fa,TA,1856,1882,2075,3,0,3,2,TA,6,2,,0,0,150,139,0,Y,8,2006,Normal,415765
824,80,Sawyer,2Story,31.1,11856,6,8,1914,1920,Gd,Gd,1526,1453,1886,1,1,3,1,Gd,6,2,1917.0,2,517,0,32,0,Y,9,2010,Normal,400621
825,50,NridgHt,1.5Fin,67.3,16782,4,3,1959,1966,TA,TA,1292,1369,2217,3,1,3,1,TA,5,1,1963.0,2,650,250,97,0,Y,8,2008,Normal,580692
826,70,Sawyer,1Story,,14938,9,7,1956,1993,Gd,TA,1098,1155,1624,1,1,4,2,Gd,7,0,1959.0,2,538,0,53,0,N,7,2008,Normal,415119
827,40,Gilbert,2Story,76.1,13371,4,5,1959,1981,Gd,TA,1170,957,1532,1,1,5,2,Gd,8,0,1962.0,3,1005,150,50,0,Y,10,2010,Normal,421711
828,70,Edwards,1Story,80.3,6672,6,2,1906,1907,Fa,Gd,716,1040,1732,2,1,3,2,Ex,7,1,1906.0,1,351,200,114,0,Y,8,2007,Normal,320448
829,50,Sawyer,1.5Fin,53.5,17772,8,5,1952,1968,Gd,Fa,1438,1435,2128,1,1,1,1,TA,5,1,1952.0,3,751,0,25,0,Y,2,2007,Normal,407107
830,70,BrkSide,1Story,75.6,12752,10,2,1933,1955,Fa,TA,838,833,1044,1,1,2,2,Gd,5,2,1937.0,2,326,0,113,550,Y,6,2008,Normal,357517
831,80,BrkSide,2Story,,8879,10,5,1968,1978,Gd,TA,1059,1356,2103,1,1,3,1,Fa,5,2,,0,0,0,80,0,Y,9,2007,Normal,412172
832,80,OldTown,2Story,65.5,7693,2,6,1925,1946,Gd,NA,992,1085,1540,3,1,1,2,Gd,5,1,1928.0,2,533,200,45,0,Y,4,2006,Normal,302923
833,70,NridgHt,1Story,55.1,11578,10,6,1948,1973,TA,Fa,860,950,1242,3,1,2,2,Gd,5,1,,0,0,150,112,0,Y,11,2006,Normal,570240
834,80,NAmes,2Story,90.1,3482,3,4,1968,1978,TA,TA,463,425,575,1,0,2,2,Gd,5,1,1969.0,3,769,100,150,0,Y,6,2007,Normal,262582
835,30,Gilbert,2Story,77.6,13439,7,8,1907,1939,Gd,Gd,1498,978,1609,2,1,5,2,TA,9,0,1908.0,3,790,200,122,0,Y,4,2006,Normal,447992
836,30,Gilbert,2Story,75.4,6495,10,6,1987,2005,TA,Ex,2119,1387,2445,2,1,3,1,TA,6,1,1987.0,3,996,100,17,0,Y,5,2008,Normal,532085
837,80,Edwards,2Story,115.1,12057,7,4,1979,2010,Gd,TA,1839,1403,2479,2,1,5,1,Gd,7,2,1982.0,2,573,250,112,0,Y,8,2010,Normal,433706
838,60,Mitchel,SLvl,,8309,10,5,1906,1909,TA,Ex,1385,1359,1921,2,1,3,2,Gd,6,2,1909.0,1,331,200,124,0,Y,9,2007,Normal,431971
839,50,BrkSide,1Story,96.4,9389,5,2,1907,1919,Ex,TA,1878,2242,2567,3,1,3,1,TA,5,2,1908.0,1,300,0,136,0,N,4,2006,Normal,382403
840,70,NAmes,2Story,76.0,7321,4,9,1994,2010,TA,TA,1105,962,1579,2,1,5,1,Gd,9,2,1998.0,3,803,0,85,0,Y,3,2006,Normal,393846
841,20,OldTown,1Story,62.2,9823,4,8,1931,1966,Ex,TA,890,1860,2058,2,1,4,2,TA,8,1,,0,0,0,18,0,Y,2,2006,Normal,338314
842,30,OldTown,2Story,46.7,18435,5,4,1995,2003,TA,Gd,1104,1228,1408,3,1,2,2,TA,7,1,1998.0,3,907,0,25,0,Y,6,2008,Normal,369996
843,30,BrkSide,2Story,75.3,16317,8,7,1955,1994,Fa,Fa,1154,802,1453,2,1,2,2,Gd,5,2,1956.0,1,313,0,66,0,N,12,2008,Abnorml,387714
844,60,Gilbert,1Story,,11989,6,7,1937,1944,TA,TA,903,745,1325,1,0,4,2,TA,9,1,1940.0,2,640,0,126,0,Y,12,2008,Family,396015
845,20,Sawyer,1Story,76.0,10394,8,6,1930,1946,Gd,TA,625,453,711,1,1,1,2,TA,4,2,1932.0,2,539,0,147,0,Y,7,2009,Normal,314948
846,20,BrkSide,1.5Fin,76.9,14046,5,2,1973,1985,Gd,TA,1727,1290,2243,2,0,1,1,Gd,5,1,,0,0,150,134,0,Y,7,2007,Normal,355378
847,70,Sawyer,1Story,65.2,15246,4,9,1912,1928,Gd,Gd,775,1020,1292,1,1,1,2,Gd,6,0,,0,0,0,62,0,Y,7,2009,Normal,329264
848,70,NAmes,2Story,,7015,3,9,1944,1980,TA,TA,489,676,1190,3,0,4,2,Gd,8,0,,0,0,100,88,0,Y,3,2010,Normal,331079
849,40,CollgCr,1Story,42.5,10175,6,9,1938,1967,Gd,Ex,469,987,1084,2,0,3,2,TA,8,0,1938.0,3,704,200,9,0,N,5,2006,Normal,415236
850,70,Edwards,SLvl,100.5,2848,10,9,1917,1948,TA,TA,980,1275,1652,1,1,1,2,TA,6,0,,0,0,200,159,0,Y,12,2006,Partial,363084
851,20,Edwards,1Story,,15217,9,9,1939,1949,Gd,Gd,1682,2257,2571,2,1,4,1,Gd,8,2,1943.0,2,541,100,70,0,Y,8,2007,Normal,469828
852,50,Sawyer,1Story,48.6,19173,4,7,1958,1995,Fa,Gd,1281,2313,2605,3,1,4,2,Gd,7,2,,0,0,100,101,0,Y,3,2006,Normal,411166
853,40,CollgCr,1.5Fin,82.0,10836,6,2,1975,1992,TA,Gd,430,664,853,3,0,4,2,Ex,7,2,1977.0,3,991,150,89,0,Y,2,2010,Normal,393749
854,40,Edwards,1.5Fin,,1575,8,5,1909,1935,TA,Ex,806,1478,1530,3,1,1,1,Ex,5,0,1912.0,3,677,0,57,0,Y,10,2010,Normal,378065
855,80,OldTown,1Story,62.1,13057,7,3,1996,2010,TA,Fa,977,1173,1179,3,0,5,2,Gd,10,1,2000.0,1,256,100,33,0,Y,11,2008,Normal,326373
856,20,CollgCr,1Story,59.8,6703,2,3,1997,2010,Fa,Fa,1669,1441,2024,2,1,1,2,Gd,5,0,,0,0,0,190,0,Y,2,2006,Normal,401035
857,70,CollgCr,2Story,69.9,7714,7,8,1976,2000,TA,Ex,1107,1100,1813,3,0,3,1,Gd,5,0,1977.0,1,312,0,23,0,Y,5,2010,Normal,476396
858,40,CollgCr,1.5Fin,,13132,2,8,2002,2010,TA,Ex,616,888,1244,3,1,3,2,TA,7,1,2006.0,2,518,0,188,0,Y,11,2010,Normal,399268
859,50,Gilbert,1Story,80.3,11569,3,6,1947,1972,TA,TA,742,1047,1610,2,1,2,1,TA,5,2,1947.0,2,526,150,22,0,Y,4,2008,Partial,387809
860,30,Somerst,2Story,69.2,8450,7,7,1991,2010,Gd,Ex,648,1141,1446,2,0,2,1,Ex,5,0,1993.0,2,447,200,19,0,Y,3,2009,Normal,423875
861,70,Somerst,2Story,88.8,7772,2,3,1980,1995,Ex,TA,1430,1675,2325,3,0,1,2,TA,5,1,1983.0,2,599,0,180,0,Y,5,2009,Normal,461715
862,20,Somerst,2Story,70.6,11029,5,3,1962,1982,TA,Gd,802,1446,1888,2,1,3,2,Gd,8,0,1964.0,2,547,0,189,0,Y,5,2008,Normal,451336
863,20,Sawyer,2Story,,8780,7,8,1919,1926,TA,TA,1165,1784,1997,1,1,4,1,Gd,7,2,,0,0,150,179,0,N,6,2007,Normal,369204
864,40,BrkSide,2Story,73.3,5841,7,5,1961,1975,Gd,NA,627,454,675,1,1,2,1,Fa,6,0,,0,0,250,155,0,Y,12,2007,Normal,279278
865,90,Gilbert,1Story,83.0,9103,6,6,2000,2010,Gd,Gd,1099,1281,1618,2,0,3,2,TA,6,1,2002.0,3,975,100,98,0,Y,12,2007,Normal,447180
866,20,NridgHt,1.5Fin,,11926,2,5,2009,2010,TA,NA,2174,1787,2550,1,1,5,2,Ex,10,0,2012.0,2,480,0,21,0,Y,7,2007,Normal,576670
867,30,Sawyer,1.5Fin,44.9,9752,9,3,1949,1957,Gd,Fa,1113,2133,2362,1,0,2,1,Gd,6,1,1953.0,3,739,0,118,0,Y,1,2009,Normal,434176
868,50,NridgHt,2Story,90.0,4563,10,8,1927,1948,TA,NA,473,723,863,1,1,2,1,TA,5,1,1930.0,2,660,100,103,0,Y,4,2010,Normal,522394
869,20,CollgCr,1Story,103.1,14654,9,8,1982,2010,TA,TA,1450,872,1575,2,1,1,1,Gd,4,1,1983.0,1,283,250,147,0,Y,3,2006,Normal,453688
870,60,Mitchel,1Story,46.0,1500,8,7,1908,1912,Gd,Fa,686,951,1123,2,1,3,1,Fa,6,2,1908.0,2,614,0,6,0,Y,1,2006,Normal,398090
871,40,CollgCr,2Story,73.9,8625,5,4,1916,1918,Gd,TA,1851,1533,2446,2,0,2,1,Gd,5,2,1918.0,2,592,200,15,0,Y,5,2008,Normal,465489
872,70,Somerst,1Story,60.1,7895,9,7,1962,1977,Gd,Fa,1726,1614,1842,2,0,5,1,Ex,9,1,,0,0,200,117,0,Y,1,2009,Normal,468767
873,20,NridgHt,SLvl,,11122,6,9,2009,2010,Gd,Gd,901,1032,1281,3,1,2,2,TA,5,2,2012.0,1,266,0,171,0,Y,7,2008,Normal,574086
874,30,Somerst,1Story,75.4,12859,3,7,1936,1948,TA,TA,904,1163,1591,1,1,4,2,TA,8,1,1937.0,2,627,0,186,0,Y,4,2010,Normal,399908
875,30,OldTown,2Story,143.2,15232,9,5,1949,1981,TA,TA,502,625,725,2,0,1,1,Gd,5,0,,0,0,0,113,0,Y,9,2009,Normal,320085
876,70,Mitchel,1.5Fin,63.4,7508,4,4,1935,1968,TA,Ex,464,1010,1079,2,1,2,2,Fa,6,1,,0,0,100,73,0,Y,7,2009,Normal,287310
877,70,NAmes,1Story,103.8,12964,10,6,1948,1969,Ex,Gd,816,1592,1767,1,1,1,2,TA,5,2,,0,0,0,94,0,Y,12,2008,Normal,405650
878,20,OldTown,1Story,106.0,11322,5,4,1900,1915,TA,Gd,820,1615,2031,1,0,3,1,Gd,6,0,1903.0,2,664,250,101,0,Y,6,2006,Normal,336501
879,50,Mitchel,2Story,81.7,3312,9,6,1966,1967,Gd,TA,703,694,793,1,0,1,2,Ex,5,1,,0,0,0,123,0,Y,2,2006,Normal,375917
880,70,Sawyer,2Story,70.8,18482,6,2,1966,1998,TA,Gd,1128,1080,1467,1,0,1,1,Gd,4,1,1967.0,1,250,150,45,0,N,12,2009,Family,340551
881,20,NAmes,1Story,72.1,4457,6,3,1935,1970,Ex,Gd,1204,1932,2135,1,0,3,2,TA,8,0,,0,0,200,77,0,Y,4,2007,Normal,360149
882,20,Sawyer,2Story,70.2,12262,4,8,1929,1946,TA,Gd,471,834,903,1,0,3,2,TA,8,1,1933.0,1,313,0,108,550,Y,10,2009,Normal,287121
883,70,Mitchel,SLvl,94.9,12138,9,5,1984,2004,TA,TA,1423,1123,1835,1,0,2,2,Gd,7,1,,0,0,0,170,0,Y,10,2007,Normal,410245
884,60,NAmes,1Story,50.8,11658,2,5,1920,1950,Gd,Gd,1433,1039,1582,3,0,3,1,Fa,6,1,1923.0,3,809,200,160,0,Y,12,2006,Normal,318707
885,70,Somerst,1Story,66.5,8423,6,6,1905,1932,Fa,Gd,1396,1661,2473,3,0,3,2,Gd,8,2,1907.0,1,314,0,150,0,Y,8,2009,Normal,481392
886,50,Somerst,1Story,63.8,13974,5,5,1904,1909,Gd,Gd,874,946,1515,2,1,4,1,TA,8,1,,0,0,100,43,0,N,7,2010,Normal,453930
887,90,CollgCr,1Story,32.0,3946,6,8,1997,2010,Gd,TA,1364,1139,1568,1,0,3,1,TA,5,1,2000.0,2,514,0,81,400,Y,5,2008,Normal,411638
888,30,OldTown,1Story,88.9,10224,4,3,1940,1976,TA,Ex,1792,1280,2010,3,0,5,2,Ex,10,0,1941.0,3,755,0,110,0,Y,6,2006,Normal,386358
889,30,CollgCr,1Story,93.4,8132,7,8,1911,1941,TA,NA,937,849,1038,1,1,2,1,Gd,6,0,1915.0,3,889,100,193,0,Y,10,2008,Normal,402009
890,70,CollgCr,2Story,56.0,7655,5,3,1997,2010,Gd,Gd,853,905,1519,1,0,1,1,Gd,4,2,1999.0,3,830,100,70,0,Y,7,2010,Normal,456681
891,80,Somerst,1Story,92.7,12301,3,4,1916,1936,Gd,Gd,632,911,1356,2,1,3,2,TA,8,2,1919.0,1,225,0,183,0,Y,1,2007,Normal,372980
892,20,Somerst,SLvl,35.2,15025,3,6,1937,1947,Gd,TA,968,1281,1508,2,1,1,2,Gd,4,2,1941.0,1,314,200,149,0,Y,5,2006,Partial,419977
893,70,OldTown,1Story,70.5,9058,8,9,1902,1928,TA,Fa,1186,1537,2107,1,1,4,1,TA,8,0,1903.0,1,261,0,126,0,Y,11,2009,Normal,381817
894,90,OldTown,1Story,67.2,13779,4,3,1975,1984,TA,TA,1654,1380,1866,3,0,2,1,Gd,5,2,1976.0,1,344,100,140,0,Y,3,2007,Normal,358894
895,60,CollgCr,2Story,,10709,4,6,1977,1990,Gd,Gd,521,1128,1241,1,1,2,1,Gd,6,0,1981.0,3,672,0,158,0,Y,6,2006,Normal,380526
896,80,Sawyer,1.5Fin,71.8,6751,7,2,1983,1993,Gd,TA,1303,1728,1741,1,1,3,2,TA,7,0,,0,0,200,139,0,Y,11,2009,Normal,358711
897,40,OldTown,1Story,68.3,9417,4,2,1929,1942,TA,TA,2080,1862,2315,2,1,1,1,Gd,4,0,1932.0,3,756,100,134,0,Y,4,2007,Normal,382411
898,80,Mitchel,1Story,,9242,5,8,1936,1950,TA,TA,1149,718,1226,2,0,2,2,TA,6,2,1940.0,3,723,150,75,0,Y,9,2006,Normal,369433
899,50,Gilbert,1Story,67.6,7574,4,7,2004,2007,Ex,NA,1265,996,1670,3,0,5,1,Gd,8,1,2004.0,3,782,0,85,200,N,10,2006,Normal,463965
900,40,BrkSide,2Story,100.0,12300,5,5,1991,2010,TA,NA,1413,1511,1532,1,0,4,1,Gd,8,1,1995.0,2,702,100,119,0,Y,4,2006,Normal,358938
901,30,NridgHt,1Story,57.3,11486,8,6,1904,1921,Gd,TA,737,1429,1670,2,0,3,1,Ex,7,2,1904.0,3,857,0,168,0,Y,11,2006,Normal,583400
902,80,OldTown,1Story,119.6,3819,6,5,1976,2010,Gd,Ex,518,771,867,1,1,3,2,Gd,6,0,,0,0,0,130,0,Y,6,2006,Normal,293842
903,70,NridgHt,1Story,56.0,3564,10,4,1990,1997,TA,TA,983,2073,2427,1,0,3,1,TA,6,0,1991.0,3,621,250,197,0,N,4,2007,Normal,635923
904,80,OldTown,1Story,75.3,12284,8,5,1962,1988,TA,NA,1248,838,1328,2,1,5,2,Gd,8,2,1962.0,2,422,200,136,0,Y,3,2010,Normal,390250
905,70,CollgCr,SLvl,82.6,7076,2,4,1971,1978,Gd,NA,1831,1535,2043,3,1,5,1,Gd,7,1,1971.0,3,776,0,81,0,N,4,2007,Partial,446263
906,40,OldTown,2Story,63.6,11769,5,8,1900,1921,TA,Gd,551,1206,1327,1,1,3,2,Gd,8,2,,0,0,0,115,0,Y,7,2006,Normal,306067
907,30,OldTown,1Story,100.4,13780,4,5,1903,1922,TA,Gd,533,1222,1300,3,1,5,1,TA,9,1,1905.0,3,813,250,124,0,Y,3,2010,Abnorml,290003
908,70,CollgCr,1Story,82.0,5162,7,4,1903,1920,TA,Gd,1359,1483,2257,2,1,1,1,TA,5,0,1904.0,2,378,0,173,0,Y,5,2009,Normal,417504
909,40,NAmes,1Story,65.5,4572,4,6,1917,1943,TA,Fa,1126,1699,2077,2,0,2,1,TA,5,1,,0,0,200,51,0,Y,9,2010,Normal,379913
910,70,Mitchel,1Story,100.2,17533,10,8,2009,2010,TA,TA,1602,1148,1850,3,0,2,1,Fa,5,2,2009.0,2,642,0,49,0,Y,11,2008,Normal,460305
911,90,Gilbert,2Story,47.7,11977,4,4,1970,1982,Fa,Gd,960,1928,1965,1,0,4,1,Ex,8,0,,0,0,100,40,0,Y,9,2008,Normal,395357
912,70,Somerst,1.5Fin,,8739,6,9,1986,2010,Gd,Gd,1262,1003,1511,1,1,4,2,Ex,7,0,,0,0,250,11,0,Y,7,2008,Normal,431447
913,50,Mitchel,1.5Fin,82.4,6577,3,5,1932,1939,TA,Gd,1107,1378,1571,3,0,3,2,TA,6,1,1934.0,2,496,150,135,0,N,9,2006,Normal,337608
914,90,OldTown,SLvl,87.6,8356,10,7,2004,2010,Gd,Fa,870,937,1432,1,0,2,1,Gd,5,1,2004.0,3,737,0,192,0,Y,5,2007,Normal,389771
915,60,Somerst,SLvl,77.1,5500,10,9,1922,1934,TA,TA,1049,1807,2184,3,0,3,1,TA,6,1,,0,0,0,122,0,Y,4,2008,Normal,512038
916,50,BrkSide,SLvl,,14210,9,5,2000,2010,Gd,Gd,1321,1179,1392,3,0,2,1,TA,5,0,2001.0,1,231,0,12,0,Y,9,2007,Normal,372732
917,90,NridgHt,1Story,64.5,7238,5,3,1903,1907,TA,TA,1730,1631,2338,3,0,3,2,Gd,6,2,1907.0,1,347,0,72,0,Y,2,2010,Normal,565855
918,40,Edwards,1Story,94.9,15093,2,7,1902,1917,TA,TA,897,1284,1398,2,0,2,1,TA,5,0,1902.0,2,563,0,180,0,Y,11,2010,Normal,282175
919,30,OldTown,1Story,,8817,8,2,1908,1924,Gd,TA,1033,1622,1710,2,0,5,1,Ex,9,0,,0,0,250,10,0,Y,6,2008,Normal,367410
920,30,NAmes,2Story,50.8,6118,5,5,1987,2010,Gd,Fa,1787,1859,1989,3,1,4,2,TA,7,2,1989.0,2,687,0,122,0,Y,10,2009,Partial,430274
921,70,NAmes,1Story,49.5,8710,10,9,1928,1947,Gd,Gd,1500,1231,1761,1,1,1,1,Gd,4,1,1928.0,1,279,100,88,0,Y,2,2007,Partial,412464
922,60,CollgCr,1.5Fin,,1500,8,5,1950,1988,TA,Ex,1317,1378,1557,1,0,5,1,TA,7,1,1951.0,3,888,250,183,0,Y,6,2010,Normal,459052
923,80,Sawyer,2Story,,9993,6,7,1952,1981,Gd,Ex,1209,1311,1636,2,0,4,1,Ex,6,1,1952.0,1,250,0,102,0,Y,6,2009,Normal,371121
924,30,NridgHt,2Story,76.0,9785,10,6,1987,2010,Gd,TA,1936,1780,2179,2,0,2,1,Fa,5,0,1987.0,1,225,100,112,0,Y,5,2009,Normal,613192
925,40,Somerst,1Story,99.7,13964,9,3,1938,1968,TA,NA,794,1076,1407,3,0,3,1,Fa,6,1,,0,0,0,144,0,Y,7,2008,Normal,437773
926,20,Sawyer,1Story,81.9,2578,6,4,1900,1906,Fa,Gd,1251,1303,1589,3,0,1,2,TA,5,2,1902.0,3,1102,200,164,0,Y,8,2010,Normal,378225
927,40,CollgCr,1Story,53.3,15380,2,6,1942,1959,TA,TA,968,950,1555,2,1,1,2,TA,4,0,1944.0,3,916,250,103,0,Y,12,2008,Normal,373965
928,90,OldTown,1.5Fin,47.7,13947,2,2,1931,1954,Gd,TA,1434,1442,1965,1,1,3,1,TA,6,2,1932.0,1,291,200,144,0,Y,10,2010,Normal,326596
929,90,Edwards,2Story,111.1,15759,5,5,1981,1989,TA,NA,1497,993,1577,1,1,4,2,TA,7,0,1984.0,1,241,0,161,0,Y,3,2009,Normal,380046
930,50,Mitchel,2Story,47.1,10279,7,5,1983,1987,TA,TA,2394,1719,2543,3,0,2,1,TA,5,2,1987.0,3,949,0,105,0,Y,12,2008,Abnorml,494409
931,20,NridgHt,1Story,57.8,14758,2,8,1910,1915,TA,Gd,1006,896,1475,2,1,2,1,TA,6,2,1914.0,1,226,200,143,0,Y,6,2007,Normal,487642
932,90,BrkSide,1Story,78.2,4321,3,2,1988,2010,TA,TA,1045,943,1461,2,1,5,1,TA,8,2,,0,0,200,72,0,Y,6,2010,Normal,299935
933,30,OldTown,1Story,65.2,13495,8,8,1907,1933,Ex,Fa,1446,1459,1618,2,0,5,2,TA,10,1,,0,0,0,71,0,Y,1,2006,Normal,368749
934,20,BrkSide,2Story,82.6,7261,8,5,1968,1979,TA,TA,1006,852,1068,3,0,3,1,Gd,6,2,1969.0,2,716,250,0,0,Y,9,2006,Normal,334778
935,50,NAmes,2Story,37.7,3564,2,7,1943,1972,TA,Fa,872,590,1052,1,1,1,2,TA,6,2,,0,0,0,133,0,Y,11,2006,Partial,311032
936,90,OldTown,1Story,65.4,5779,6,6,1933,1960,Gd,Gd,608,1262,1395,1,1,4,2,Gd,9,1,,0,0,200,50,0,Y,4,2006,Normal,326491
937,80,Gilbert,SLvl,84.9,10523,2,4,1953,1985,Ex,TA,1210,2010,2095,3,1,4,1,Gd,8,2,,0,0,100,162,0,N,11,2007,Partial,396414
938,40,NAmes,1Story,,7038,8,9,1934,1970,Gd,Gd,1504,1593,1684,2,0,5,1,Fa,8,1,1936.0,3,643,150,190,0,Y,2,2008,Normal,415503
939,50,BrkSide,1.5Fin,57.4,12080,9,3,1988,2010,TA,TA,1228,1374,1492,3,1,5,1,Gd,7,2,1991.0,3,849,150,175,0,Y,12,2007,Normal,395619
940,20,BrkSide,1Story,47.5,2905,9,2,2007,2010,Gd,Gd,1870,2306,2314,1,1,4,2,Gd,8,2,2011.0,3,859,100,55,0,Y,4,2008,Normal,455130
941,40,Gilbert,1Story,74.7,1566,7,8,1990,2010,TA,Gd,1857,1969,2420,1,0,1,1,TA,5,1,1990.0,1,312,200,130,0,Y,6,2008,Normal,478628
942,70,Edwards,1.5Fin,41.1,16264,7,6,1948,1963,TA,Ex,1431,2239,2278,3,0,2,1,TA,5,0,1952.0,1,316,200,150,0,Y,1,2008,Abnorml,400194
943,50,NAmes,1Story,98.3,14296,10,9,1955,1971,Gd,TA,834,1310,1341,3,0,4,2,Ex,9,0,1957.0,1,272,200,101,0,Y,11,2006,Normal,389798
944,90,NridgHt,1Story,,6093,7,5,1949,1974,Gd,Fa,1214,993,1437,1,0,4,1,Gd,8,0,1949.0,2,604,0,101,0,Y,7,2008,Normal,537517
945,50,Gilbert,1Story,54.7,10487,6,2,1988,2010,Gd,Gd,1416,2366,2521,3,1,3,1,Ex,7,1,,0,0,0,87,0,Y,12,2007,Normal,487605
946,80,Sawyer,1Story,,14782,8,2,1961,1977,Gd,TA,1410,1646,1816,1,0,3,1,Gd,6,1,1961.0,2,603,200,61,0,Y,5,2008,Normal,388918
947,70,NridgHt,2Story,56.1,12261,7,5,1951,1990,TA,Ex,1236,1391,1547,1,0,4,1,Gd,6,2,,0,0,250,114,0,Y,1,2006,Partial,491554
948,60,CollgCr,1.5Fin,35.6,11123,9,3,1945,1951,TA,TA,1789,1973,2070,3,0,3,2,Gd,7,0,1947.0,1,298,0,198,0,Y,9,2010,Normal,479017
949,80,CollgCr,1.5Fin,80.9,15100,6,9,1941,1944,TA,Gd,1229,1542,2134,1,1,1,2,Fa,5,0,1942.0,1,295,200,43,0,Y,2,2009,Normal,470168
950,80,Sawyer,1Story,,7431,9,2,1961,1962,Fa,TA,1172,1059,1451,1,0,5,1,TA,9,1,1963.0,2,566,100,9,0,Y,8,2007,Normal,384813
951,40,CollgCr,2Story,78.8,10631,2,9,1976,2008,Gd,NA,759,1387,1655,1,1,2,1,TA,4,0,1979.0,3,935,0,11,0,Y,1,2007,Normal,389359
952,40,Mitchel,1Story,81.8,10425,2,3,1947,1963,TA,TA,949,1759,1995,2,0,2,1,TA,4,2,1951.0,2,434,250,116,0,Y,3,2007,Partial,360505
953,70,CollgCr,1Story,91.3,9354,2,2,1989,2006,TA,TA,625,939,993,1,1,1,2,Fa,4,0,1990.0,1,237,100,53,0,Y,8,2010,Normal,337402
954,20,Sawyer,1Story,,8863,7,4,1991,2010,TA,TA,723,1587,1681,1,1,3,2,TA,7,1,1991.0,2,538,150,92,0,Y,9,2009,Partial,339448
955,70,Mitchel,SLvl,94.8,10806,8,3,1947,1964,Gd,Gd,1073,1019,1165,1,1,5,2,Gd,8,2,1949.0,2,445,0,190,0,Y,2,2008,Normal,370480
956,50,Somerst,1.5Fin,100.5,10645,3,5,2000,2010,Gd,Gd,988,1081,1103,2,1,1,1,TA,4,1,,0,0,0,15,0,Y,3,2009,Normal,399747
957,80,NAmes,2Story,75.7,6097,3,4,1919,1921,TA,Gd,557,822,1305,2,0,2,1,TA,4,2,1920.0,3,795,100,34,0,Y,11,2006,Normal,348373
958,30,BrkSide,2Story,77.0,13868,9,6,2003,2009,TA,TA,1683,1910,1954,1,0,1,2,Gd,6,1,2003.0,3,997,200,42,0,Y,1,2010,Normal,421702
959,60,CollgCr,1Story,57.7,6399,8,6,1932,1969,Gd,Fa,1051,895,1545,2,1,1,1,Gd,4,2,,0,0,0,91,0,Y,3,2008,Normal,454098
960,60,Gilbert,2Story,,9583,7,2,1962,1980,Gd,TA,1072,1091,1364,2,0,4,1,Gd,8,2,,0,0,250,138,0,Y,12,2007,Normal,391968
961,20,Mitchel,2Story,98.2,9260,6,2,1931,1937,TA,TA,1487,989,1675,2,0,2,2,Gd,6,1,,0,0,200,36,0,Y,7,2009,Normal,318291
962,60,Sawyer,1Story,83.3,12004,5,3,1949,1963,TA,Gd,771,866,1074,2,0,4,1,TA,6,0,1950.0,2,517,150,21,0,Y,1,2006,Normal,326572
963,70,NAmes,1Story,85.1,1600,2,3,1937,1950,TA,Gd,815,1274,1756,1,0,3,1,Gd,5,2,,0,0,200,17,0,Y,11,2008,Normal,320307
964,50,BrkSide,1Story,57.0,14242,3,2,1978,1988,Ex,NA,850,1243,2118,2,0,4,2,Gd,9,0,,0,0,250,160,0,Y,5,2010,Abnorml,343895
965,60,CollgCr,SLvl,105.7,7657,10,4,1909,1920,Gd,Gd,1153,1441,1712,3,1,1,1,Ex,4,1,1912.0,2,655,200,5,0,Y,9,2009,Abnorml,487854
966,40,Sawyer,1Story,65.0,15624,5,6,1993,2010,TA,TA,1409,1343,1528,1,0,2,1,TA,6,1,,0,0,200,125,0,Y,8,2006,Normal,344665
967,60,NridgHt,SLvl,52.4,8492,8,4,2000,2004,TA,Ex,1344,1181,1879,1,0,3,2,Gd,8,2,,0,0,150,115,0,N,5,2008,Normal,565063
968,30,OldTown,1Story,57.4,10295,8,4,1962,1974,Ex,Gd,440,626,726,1,0,1,1,Gd,4,1,,0,0,250,20,0,Y,5,2009,Normal,297770
969,40,Somerst,2Story,104.6,18538,4,5,1960,1978,TA,Gd,775,1171,1858,3,1,3,2,TA,7,1,1964.0,2,534,0,110,0,Y,7,2008,Normal,438529
970,20,CollgCr,1Story,45.6,9335,3,6,1977,1998,TA,NA,2767,1875,3064,3,0,3,1,TA,5,1,1979.0,1,186,0,57,0,Y,5,2007,Normal,497187
971,20,Mitchel,1Story,53.5,15703,8,4,1922,1957,TA,Gd,952,1011,1641,3,1,3,2,TA,6,2,1926.0,1,352,250,102,0,Y,3,2009,Normal,364273
972,30,OldTown,1Story,133.8,10664,2,3,1983,2010,Gd,TA,1176,1223,1493,1,1,3,1,TA,5,1,1987.0,2,608,100,27,0,Y,9,2008,Normal,291038
973,30,Edwards,1Story,90.7,12245,6,5,1924,1935,TA,Gd,1569,1807,2007,2,1,4,2,Gd,7,2,,0,0,0,133,0,Y,9,2010,Normal,364064
974,70,Gilbert,1.5Fin,,10794,9,2,1975,1996,Fa,TA,1357,2059,2515,1,1,4,2,Fa,8,0,1977.0,2,471,200,159,0,Y,8,2010,Abnorml,436930
975,30,NridgHt,1Story,46.2,14061,8,5,1933,1933,Gd,TA,943,1982,2168,3,1,1,2,TA,6,1,1937.0,1,321,150,0,0,Y,9,2010,Normal,547183
976,40,Gilbert,2Story,33.2,7621,8,9,1982,2006,Gd,TA,428,571,700,2,1,4,1,TA,7,2,1984.0,2,471,250,106,0,Y,7,2008,Family,394392
977,30,Gilbert,1Story,72.1,6367,2,5,1987,1993,Ex,Gd,1046,1654,1820,2,1,5,1,Gd,8,2,1989.0,2,479,0,129,0,Y,12,2009,Normal,410762
978,50,Gilbert,1Story,,7818,3,2,1923,1925,Ex,Gd,2206,2780,2810,2,0,5,2,TA,10,1,1924.0,2,499,0,0,0,Y,11,2006,Normal,460784
979,30,BrkSide,2Story,103.4,10919,4,7,1968,1994,Fa,Fa,1616,1378,1899,3,1,2,2,Gd,7,2,,0,0,100,144,0,Y,12,2009,Normal,317189
980,40,Edwards,1Story,28.3,9573,4,3,1955,1962,Fa,TA,546,646,1046,3,1,4,1,Gd,6,1,,0,0,0,108,400,Y,2,2009,Abnorml,308213
981,20,BrkSide,SLvl,40.8,13483,3,3,1932,1951,Ex,Gd,1181,1045,1710,3,1,5,1,TA,7,1,1936.0,2,655,100,61,0,Y,2,2009,Normal,313595
982,60,Sawyer,1.5Fin,67.4,15980,10,3,1965,1969,TA,TA,479,930,1135,2,0,2,1,TA,5,2,,0,0,0,96,0,Y,6,2006,Normal,334130
983,40,Mitchel,2Story,131.3,6401,3,9,2010,2010,Gd,Ex,1122,1725,2167,3,0,5,2,Gd,8,2,2013.0,1,280,0,136,0,Y,9,2008,Normal,391767
984,70,Mitchel,1Story,89.5,7417,8,9,1900,1930,TA,TA,1016,786,1241,3,0,4,1,TA,6,2,1901.0,2,642,200,128,0,Y,3,2007,Normal,411241
985,90,Sawyer,1Story,78.2,4468,7,6,2006,2010,TA,TA,1431,1620,1711,2,0,4,2,Gd,8,2,2010.0,3,759,0,155,0,Y,2,2010,Normal,422368
986,50,OldTown,SLvl,43.1,19028,7,6,1995,2010,Gd,Gd,1045,1239,1263,3,1,4,2,TA,8,0,1999.0,2,414,250,6,0,Y,1,2008,Normal,352573
987,60,Sawyer,1Story,23.4,11780,3,7,1958,1975,TA,TA,628,872,1313,3,1,4,2,Gd,7,1,1961.0,3,759,0,157,0,Y,7,2009,Normal,328879
988,80,Sawyer,1Story,70.9,12515,4,6,1967,1974,TA,TA,1626,1488,2313,3,0,5,2,Gd,8,1,1971.0,2,495,150,7,0,Y,12,2008,Normal,407940
989,40,OldTown,1Story,67.8,4871,7,6,1940,1946,Gd,NA,1091,1115,1725,1,1,5,1,TA,9,2,1942.0,1,255,250,130,0,Y,6,2006,Partial,335088
990,30,NridgHt,2Story,64.1,10495,4,9,1914,1922,Fa,TA,1259,965,1332,3,0,3,2,Ex,7,0,,0,0,0,69,0,Y,9,2009,Abnorml,509478
991,70,OldTown,2Story,61.6,12639,8,7,1963,1971,Gd,TA,874,1074,1150,2,0,3,1,TA,6,2,1965.0,2,523,250,12,200,Y,1,2009,Normal,346891
992,70,Gilbert,2Story,53.5,9438,2,2,1990,2002,Ex,TA,596,533,652,1,1,4,1,Gd,6,0,1990.0,3,914,0,137,0,Y,3,2007,Normal,349894
993,50,Sawyer,2Story,48.5,15018,2,5,1925,1933,Fa,Gd,456,551,949,2,0,5,1,TA,7,1,1927.0,1,349,200,110,0,Y,9,2009,Normal,270018
994,50,CollgCr,1Story,100.6,20210,8,9,1979,2002,Gd,TA,1136,1338,1754,3,1,2,1,Ex,5,2,,0,0,200,133,0,Y,5,2007,Normal,457665
995,20,Edwards,SLvl,50.5,6522,7,5,1983,1988,Gd,Ex,1769,1267,2146,3,1,2,2,TA,5,0,,0,0,0,75,0,Y,1,2009,Family,364892
996,60,Sawyer,1Story,63.9,6207,2,3,1984,2008,Gd,Ex,772,939,1281,3,1,4,2,TA,7,0,1984.0,2,497,0,55,0,Y,3,2007,Partial,310293
997,60,Somerst,2Story,69.1,6813,10,8,1937,1950,Ex,TA,1873,1832,2504,3,1,5,1,TA,9,2,1938.0,2,621,250,124,0,Y,10,2009,Normal,543753
998,60,Mitchel,1Story,85.5,17246,2,6,1943,1970,Gd,Gd,822,1015,1206,2,0,5,1,Gd,9,0,,0,0,0,43,0,Y,9,2010,Abnorml,311320
999,40,NAmes,SLvl,51.3,14878,10,6,1946,1966,Gd,TA,1547,1304,1636,3,1,1,2,TA,5,2,,0,0,0,162,0,Y,10,2008,Normal,410327
1000,30,Sawyer,1Story,91.5,9931,8,5,1994,2010,TA,TA,586,1115,1182,1,0,5,2,TA,8,2,1995.0,2,617,0,136,0,Y,5,2006,Partial,346981
1001,60,BrkSide,1Story,57.2,10654,10,2,1999,2010,TA,Ex,2035,1240,2226,1,0,4,2,Gd,7,1,2001.0,1,318,150,199,0,Y,12,2009,Normal,409810
1002,60,Mitchel,1Story,66.4,7071,10,5,1945,1956,TA,Gd,1712,2476,2757,1,1,1,1,TA,4,2,1947.0,1,279,200,5,0,Y,12,2010,Normal,492907
1003,30,CollgCr,1Story,106.1,14238,4,5,2007,2010,TA,TA,496,423,754,3,0,1,2,TA,6,0,2008.0,1,247,100,117,0,Y,5,2009,Normal,350620
1004,20,Mitchel,1Story,48.7,8904,8,9,1963,1989,Gd,TA,1059,1054,1534,2,0,2,1,TA,5,2,1966.0,2,582,100,111,0,Y,3,2007,Normal,453649
1005,50,Edwards,2Story,85.9,9408,3,4,1942,1959,Fa,Fa,1191,2064,2182,3,0,5,1,Gd,8,0,1942.0,2,541,250,171,0,Y,12,2008,Normal,356664
1006,20,Edwards,1Story,92.1,13057,6,3,1900,1922,TA,Gd,889,822,955,2,0,4,1,Gd,6,2,,0,0,0,84,0,Y,5,2007,Normal,300326
1007,30,Edwards,SLvl,76.8,9710,4,5,1967,1985,TA,Fa,1687,1174,1872,2,1,3,2,Fa,6,2,,0,0,250,187,0,Y,6,2009,Normal,343930
1008,70,NridgHt,1Story,67.4,9513,6,9,1971,1983,TA,Gd,2091,1724,2236,3,0,4,1,TA,6,0,1974.0,2,634,0,47,0,Y,12,2009,Normal,612451
1009,40,NridgHt,2Story,,10544,9,5,2007,2010,Gd,Ex,1671,1542,1763,2,0,3,2,TA,7,2,2010.0,2,580,0,170,0,Y,4,2009,Normal,625702
1010,50,Somerst,1Story,69.7,13840,5,5,1979,2010,Gd,TA,1452,1836,1889,2,1,5,2,Fa,8,1,,0,0,250,104,0,Y,11,2007,Normal,466192
1011,70,NAmes,2Story,,17415,2,7,1903,1930,TA,Gd,1553,2001,2395,1,0,1,1,Gd,3,2,,0,0,150,188,0,Y,2,2006,Normal,329114
1012,30,Mitchel,2Story,62.6,12959,4,7,1962,1965,TA,Gd,2200,1423,2535,2,1,2,2,Gd,6,1,1963.0,2,597,100,43,0,Y,4,2009,Normal,458137
1013,30,OldTown,1Story,73.3,13874,9,4,1982,2010,TA,Gd,700,1314,1695,1,0,2,2,TA,6,0,1982.0,1,260,0,52,0,Y,5,2007,Normal,366163
1014,40,NAmes,SLvl,91.2,9661,6,9,1955,1983,TA,Fa,1198,863,1394,1,0,5,2,TA,10,2,,0,0,100,112,0,Y,6,2010,Normal,350219
1015,50,Gilbert,1Story,63.9,7527,7,6,1947,1949,Gd,NA,831,705,1233,1,1,3,1,Fa,6,0,1948.0,2,597,200,110,0,Y,3,2006,Partial,420783
1016,60,Somerst,1Story,23.6,13247,5,2,1989,2010,Gd,NA,1613,1716,2094,1,1,4,2,TA,7,1,,0,0,0,29,0,Y,11,2010,Abnorml,485240
1017,20,NridgHt,2Story,81.3,11219,4,5,1967,1990,Fa,Gd,570,847,942,1,0,5,2,Gd,10,0,,0,0,0,130,0,Y,8,2009,Normal,471102
1018,50,BrkSide,1.5Fin,46.3,4525,7,9,1975,2010,Ex,TA,937,880,1554,1,0,1,1,Gd,5,0,1976.0,2,616,0,81,0,Y,9,2008,Normal,361530
1019,70,NAmes,1Story,86.3,9122,7,5,1951,1970,TA,Fa,720,1556,1724,1,1,5,2,Ex,10,0,,0,0,100,30,0,Y,9,2010,Abnorml,340383
1020,80,OldTown,1Story,,10152,10,6,1930,1950,Fa,Gd,955,1309,1509,3,1,1,1,Fa,5,0,,0,0,200,102,0,Y,8,2009,Abnorml,362475
1021,60,Gilbert,1.5Fin,90.7,8356,7,6,1957,1969,Gd,Gd,1130,1607,1809,1,1,4,2,Gd,8,2,1958.0,3,809,0,139,0,Y,8,2006,Normal,476913
1022,70,Sawyer,2Story,49.1,16723,10,7,2006,2010,Gd,Gd,1561,1968,2981,2,0,4,1,TA,8,2,,0,0,200,6,0,Y,8,2007,Normal,443367
1023,80,NridgHt,SLvl,58.2,12515,9,8,1966,1990,TA,TA,893,1212,1667,1,1,5,1,Gd,9,2,1969.0,2,602,250,184,0,Y,9,2010,Normal,595760
1024,70,Edwards,2Story,62.5,16267,2,3,1978,2010,TA,TA,967,810,1341,3,0,1,2,Gd,5,0,1980.0,3,979,100,122,0,Y,12,2009,Normal,318868
1025,60,NridgHt,2Story,37.4,11606,5,6,1913,1948,TA,Gd,1214,1389,2112,1,0,5,1,Gd,9,2,1916.0,3,877,250,52,0,Y,3,2006,Normal,535265
1026,60,Mitchel,1Story,,10842,5,6,2009,2010,Ex,Ex,1491,1194,1740,3,0,4,1,TA,8,1,2009.0,3,784,250,150,0,Y,7,2006,Normal,436032
1027,90,Somerst,SLvl,34.2,6566,2,3,1927,1951,Gd,TA,1034,1555,2241,2,0,1,2,Ex,6,2,1931.0,1,267,200,168,0,Y,3,2010,Normal,456541
1028,80,BrkSide,1Story,94.1,10550,3,7,2007,2010,Gd,TA,1187,1040,1654,3,1,3,2,Fa,7,2,2008.0,3,681,0,191,0,Y,3,2006,Partial,355151
1029,30,Sawyer,2Story,79.3,10555,8,2,1949,1962,Gd,Gd,771,1004,1581,2,0,5,2,TA,9,0,,0,0,0,158,0,Y,12,2010,Normal,331359
1030,50,Edwards,1Story,65.6,4758,5,5,2001,2010,Gd,Gd,531,735,769,2,1,3,2,Ex,8,2,2001.0,1,258,250,40,0,Y,6,2008,Normal,340348
1031,70,OldTown,2Story,77.6,8234,3,4,1998,2010,TA,NA,561,720,798,3,1,2,1,TA,6,1,,0,0,100,32,0,N,9,2010,Normal,257118
1032,60,Sawyer,2Story,77.0,9142,4,3,1983,1993,Ex,TA,541,507,719,3,1,2,2,Gd,5,1,1985.0,2,582,0,41,0,Y,9,2007,Normal,332562
1033,50,OldTown,2Story,61.2,12237,4,8,2001,2010,TA,TA,1132,1740,1782,2,1,3,2,Ex,6,1,2001.0,3,876,200,175,0,Y,1,2007,Normal,352076
1034,60,Edwards,1.5Fin,76.6,12438,3,3,1967,1990,TA,TA,627,606,921,3,0,5,2,Gd,10,0,1970.0,3,826,0,60,0,Y,6,2009,Family,309682
1035,50,OldTown,1Story,86.1,8058,2,4,1994,2008,TA,NA,1075,1578,2153,3,1,4,2,TA,7,0,1997.0,3,745,250,66,0,N,3,2006,Normal,363820
1036,70,NridgHt,2Story,,12469,8,8,1919,1953,TA,Gd,1122,1571,1715,3,0,4,2,TA,9,2,,0,0,200,178,0,Y,4,2006,Normal,568126
1037,70,OldTown,1Story,77.6,9735,9,9,1907,1945,Gd,Gd,973,1205,1608,3,0,4,2,Gd,7,2,1907.0,3,1047,0,40,0,Y,3,2009,Normal,425022
1038,90,NridgHt,1Story,20.0,1500,6,2,1960,1972,TA,Gd,954,816,1245,1,0,4,2,TA,9,1,1960.0,2,569,250,81,0,Y,8,2006,Normal,499240
1039,90,Mitchel,1Story,27.5,8464,7,4,1989,2009,Gd,Fa,1261,1413,1974,2,1,3,1,TA,7,2,1990.0,1,325,250,59,0,Y,2,2010,Abnorml,426465
1040,70,BrkSide,1Story,82.4,15032,10,7,1984,2003,Gd,Gd,1130,1057,1364,2,0,4,2,TA,7,1,,0,0,200,60,0,N,6,2009,Partial,350274
1041,80,Mitchel,1Story,60.8,3436,9,8,1958,1986,TA,Gd,794,1038,1252,3,1,2,1,TA,4,0,,0,0,0,119,0,Y,4,2009,Normal,357598
1042,80,NAmes,2Story,51.2,10973,2,9,1957,1995,Ex,Gd,1123,1553,2120,1,0,3,1,TA,7,2,1958.0,3,891,150,148,0,Y,12,2008,Partial,373364
1043,40,Somerst,2Story,68.8,17158,10,6,1967,1988,Gd,TA,1057,1429,1920,3,1,2,2,TA,5,2,1968.0,1,282,250,53,0,Y,10,2009,Normal,517506
1044,90,OldTown,2Story,61.3,7305,2,2,1996,2010,TA,TA,611,961,1437,1,1,5,2,Gd,8,0,1998.0,2,467,200,7,0,Y,5,2010,Normal,321138
1045,60,Mitchel,1Story,48.3,10509,2,8,1993,2010,TA,Gd,1295,1469,1858,2,1,4,1,TA,8,2,1995.0,3,818,100,127,0,Y,4,2006,Normal,420823
1046,80,Sawyer,1Story,33.9,5023,5,3,1912,1947,Gd,Gd,1396,1057,1629,3,1,3,1,Gd,7,1,1914.0,1,304,150,109,0,Y,9,2007,Normal,349407
1047,30,Edwards,1Story,,17334,8,2,1966,1982,Ex,TA,1550,1772,1884,1,1,3,2,TA,6,2,,0,0,0,131,0,Y,8,2009,Normal,384115
1048,40,Gilbert,2Story,,10150,2,7,1942,1957,Gd,Ex,742,1026,1158,3,1,3,2,TA,7,0,1945.0,1,267,0,90,400,N,7,2006,Abnorml,365595
1049,60,NridgHt,1.5Fin,60.7,10696,4,6,1988,2004,TA,TA,1317,1905,2594,3,0,4,2,Gd,8,1,,0,0,150,155,0,Y,1,2007,Abnorml,587221
1050,60,Somerst,1Story,91.3,16188,4,2,1956,1995,TA,Gd,1156,1171,1322,1,0,2,2,Gd,6,0,,0,0,100,124,0,N,1,2006,Normal,390693
1051,50,Somerst,2Story,60.5,13278,5,3,2010,2010,Gd,NA,1023,1312,2372,1,1,5,1,TA,8,2,2011.0,3,620,0,151,0,Y,8,2006,Abnorml,497027
1052,30,NAmes,1Story,,6822,10,6,1947,1953,TA,TA,1028,1170,1659,1,0,2,1,TA,5,1,1948.0,1,300,150,146,0,Y,6,2008,Normal,392655
1053,30,Somerst,1Story,67.2,7781,4,4,1975,1976,Fa,TA,1731,1487,1987,3,1,1,1,TA,3,0,1976.0,2,540,0,99,0,Y,10,2009,Normal,463625
1054,70,Edwards,1Story,71.0,12579,3,7,1912,1932,TA,Gd,1188,1468,1927,3,1,4,2,TA,7,2,1913.0,2,509,150,64,0,Y,1,2006,Normal,343250
1055,20,BrkSide,1Story,,7879,3,5,2003,2010,TA,Gd,988,1885,2125,2,1,4,2,Gd,9,2,2005.0,2,538,0,116,0,Y,3,2010,Normal,362024
1056,20,BrkSide,2Story,60.2,1608,3,6,1917,1936,TA,TA,640,1152,1172,1,0,2,1,Gd,4,1,1920.0,2,613,250,127,0,Y,10,2009,Normal,280245
1057,90,Sawyer,1.5Fin,42.9,10276,3,5,1941,1963,TA,TA,1527,1508,2091,1,0,4,2,TA,9,2,,0,0,200,114,400,Y,12,2009,Normal,324030
1058,90,NAmes,1Story,86.9,4283,7,4,1992,2010,Fa,TA,1239,1813,2561,1,1,4,2,Gd,7,2,1996.0,2,575,100,104,0,Y,9,2006,Normal,446692
1059,20,BrkSide,2Story,105.1,17288,5,4,2007,2010,Ex,TA,1141,1238,1501,2,0,4,2,TA,9,1,2007.0,3,971,150,68,0,Y,1,2008,Normal,373869
1060,30,Edwards,2Story,106.5,11243,6,7,1953,1989,Gd,TA,1068,1128,1667,3,1,5,2,Gd,9,2,,0,0,0,26,0,Y,1,2010,Normal,390025
1061,40,Somerst,SLvl,57.8,6698,9,6,1953,1978,Gd,Fa,861,904,1474,1,0,5,1,Ex,9,0,,0,0,250,85,0,Y,11,2007,Normal,461666
1062,60,Mitchel,2Story,53.9,7566,7,6,1905,1934,TA,TA,803,1483,1509,3,0,3,2,TA,8,2,1906.0,2,516,0,176,0,Y,6,2008,Normal,377854
1063,30,BrkSide,1Story,57.8,2565,3,6,2008,2010,Ex,Fa,2044,2191,2396,1,0,2,1,TA,5,1,2009.0,3,899,250,143,0,Y,6,2008,Normal,395859
1064,90,NAmes,2Story,66.1,5882,5,3,1901,1926,TA,Gd,707,1122,1143,2,0,1,2,TA,6,0,1903.0,1,300,200,150,400,Y,12,2009,Normal,306288
1065,50,Edwards,1Story,,14769,4,9,1902,1904,Ex,Gd,925,744,1148,3,1,3,2,Gd,7,2,1902.0,3,742,0,147,0,Y,3,2010,Partial,349821
1066,60,Sawyer,SLvl,,19874,9,6,1952,1969,TA,TA,1604,1394,2498,2,1,4,1,TA,8,2,,0,0,0,184,0,Y,4,2006,Family,424219
1067,30,Gilbert,1Story,37.4,13551,4,7,1900,1905,Gd,Ex,856,1419,1900,2,0,4,2,Gd,9,2,1903.0,2,398,200,45,0,Y,9,2006,Normal,388396
1068,40,OldTown,2Story,71.1,10113,3,9,1918,1938,TA,Gd,1665,2515,2593,2,1,1,1,TA,5,0,1921.0,3,848,250,144,0,N,11,2006,Partial,375060
1069,70,Gilbert,1Story,,8686,8,9,1969,1974,TA,Ex,1008,908,1484,2,0,4,1,TA,8,2,1973.0,1,292,200,13,0,Y,5,2007,Normal,432205
1070,70,BrkSide,1Story,,6483,5,7,1978,1998,TA,TA,1099,1016,1686,1,1,4,2,Gd,8,2,1982.0,2,465,0,48,0,Y,2,2007,Partial,368534
1071,30,OldTown,1.5Fin,49.2,19151,2,8,1933,1946,TA,TA,1047,716,1233,1,1,4,1,TA,6,2,,0,0,150,5,0,Y,1,2010,Normal,249895
1072,50,Sawyer,2Story,,9707,8,5,1988,1988,Gd,Ex,1594,1582,1769,3,1,3,1,TA,6,1,1992.0,2,572,0,86,0,N,1,2008,Normal,421845
1073,30,Sawyer,1Story,,19386,3,7,1967,1971,TA,Gd,602,654,723,3,1,1,1,TA,3,2,1969.0,2,668,250,28,200,Y,5,2009,Normal,303539
1074,50,BrkSide,SLvl,93.6,16353,9,4,1925,1945,TA,Gd,1480,1772,2054,3,1,3,1,TA,6,2,1925.0,3,884,200,77,0,Y,7,2008,Normal,412054
1075,30,OldTown,1.5Fin,62.4,3189,9,7,1979,1982,TA,Gd,1312,1079,1880,1,0,4,2,Ex,9,0,,0,0,200,26,0,Y,6,2010,Normal,376157
1076,90,OldTown,1Story,45.0,7703,5,2,1965,1999,TA,Gd,1205,1398,1597,1,0,3,1,TA,5,0,1969.0,1,298,0,7,0,Y,3,2007,Normal,309064
1077,40,Gilbert,2Story,52.1,7690,7,9,1990,2010,TA,Gd,831,1119,1488,1,1,3,1,Gd,7,2,1991.0,2,614,0,95,0,Y,9,2009,Normal,434456
1078,50,Gilbert,1Story,76.3,10165,7,3,1917,1945,TA,Fa,1054,774,1246,1,1,3,1,Gd,6,1,1921.0,3,774,200,82,0,N,11,2007,Partial,424489
1079,70,Somerst,2Story,,10247,7,7,1925,1931,TA,TA,1764,1382,2024,2,1,3,2,TA,6,0,,0,0,0,83,0,Y,3,2007,Normal,489334
1080,20,Sawyer,1Story,100.7,23084,2,2,1933,1964,Fa,Gd,540,766,988,1,1,2,2,Gd,7,0,1935.0,2,568,0,69,0,Y,9,2010,Normal,249776
1081,30,Sawyer,1Story,62.7,5976,4,3,1937,1962,TA,Gd,1655,1289,1846,3,0,4,1,Fa,6,2,1937.0,3,720,0,81,0,Y,7,2006,Normal,372086
1082,90,OldTown,1.5Fin,81.0,11462,3,9,1998,2010,Gd,Gd,2228,2536,2571,1,0,2,1,Gd,5,0,2001.0,2,650,100,0,0,Y,9,2007,Partial,373261
1083,70,Sawyer,SLvl,30.8,13089,8,8,1981,1981,Ex,Gd,1529,1843,2413,2,1,3,2,Gd,7,0,1985.0,1,264,0,95,0,Y,1,2007,Normal,441586
1084,30,OldTown,1.5Fin,49.6,10493,2,3,1960,1981,TA,Gd,745,594,828,1,0,3,1,Ex,7,1,,0,0,150,169,0,Y,9,2006,Normal,261813
1085,50,Somerst,SLvl,28.1,10963,6,3,1959,1990,TA,NA,649,1188,1392,2,0,4,2,Ex,8,2,1959.0,1,195,0,27,0,Y,9,2009,Normal,459056
1086,80,NAmes,2Story,92.5,6112,8,8,1998,1999,TA,TA,790,1603,1902,1,1,5,2,Ex,8,1,,0,0,250,28,0,Y,9,2007,Normal,368287
1087,30,Edwards,2Story,66.5,10947,10,9,1949,1951,Fa,TA,1015,946,1716,2,0,4,1,Ex,7,1,,0,0,100,156,0,Y,11,2008,Normal,370856
1088,40,Mitchel,2Story,82.6,12648,4,3,1925,1940,TA,Gd,660,769,928,3,1,1,2,Gd,6,2,1926.0,1,244,0,100,0,Y,9,2007,Normal,323577
1089,30,Somerst,1Story,71.4,11876,2,7,1915,1935,Gd,TA,1029,1145,1735,3,1,4,1,Gd,8,1,,0,0,150,51,0,Y,12,2010,Normal,385409
1090,70,Sawyer,1Story,80.3,12895,8,4,1936,1954,TA,NA,1556,1219,1695,1,0,2,1,Gd,4,2,,0,0,0,156,0,Y,9,2008,Normal,375735
1091,60,CollgCr,1Story,62.6,16433,2,7,1972,1989,Ex,Ex,1333,2143,2469,2,1,1,2,Gd,5,0,1975.0,2,505,0,64,0,Y,6,2009,Normal,459992
1092,60,NridgHt,2Story,65.5,14435,2,5,1952,1962,TA,Fa,792,1144,1428,3,1,1,2,Ex,6,1,,0,0,150,120,0,Y,11,2009,Normal,466759
1093,50,Edwards,1Story,68.0,10799,10,3,1946,1948,TA,Gd,1731,1654,2311,2,1,5,2,Ex,8,0,,0,0,250,111,0,Y,9,2010,Partial,422954
1094,40,Sawyer,1Story,78.9,5579,9,4,1953,1954,Ex,TA,449,698,1117,2,1,3,1,Gd,5,2,1953.0,2,551,250,33,0,Y,7,2009,Normal,349387
1095,60,Mitchel,2Story,79.5,7980,8,6,2008,2010,TA,Gd,965,938,1207,2,0,2,1,Gd,6,2,2011.0,3,902,100,151,0,Y,7,2010,Normal,435828
1096,80,Gilbert,1Story,131.9,9578,9,8,2010,2010,TA,TA,1259,1437,2071,3,1,1,2,Gd,5,2,2011.0,2,543,200,123,0,Y,5,2009,Normal,504980
1097,80,CollgCr,1Story,107.0,11560,2,2,1917,1948,Gd,Gd,1941,1989,2070,2,1,4,2,Gd,8,0,,0,0,0,41,0,Y,8,2006,Normal,390567
1098,80,Somerst,1.5Fin,,8491,2,9,1912,1929,TA,TA,851,862,1090,3,0,4,1,Fa,7,2,,0,0,200,151,0,Y,6,2006,Normal,349589
1099,20,CollgCr,1.5Fin,66.9,6570,4,7,1927,1930,TA,TA,691,1514,1612,3,0,2,2,Gd,6,1,1929.0,2,618,250,124,0,Y,2,2009,Partial,412828
1100,50,Somerst,1Story,61.1,5510,2,9,1994,2010,TA,TA,400,643,887,2,0,1,1,Gd,3,0,1998.0,2,477,100,170,0,Y,6,2006,Normal,406460
1101,50,NAmes,1Story,98.2,3565,9,9,1951,1990,Gd,TA,735,1511,1638,1,0,2,1,TA,6,1,1951.0,1,228,100,164,0,Y,12,2006,Normal,375777
1102,90,NridgHt,1Story,,9513,2,3,1995,2004,Gd,Ex,1803,1123,1952,1,0,4,1,Gd,7,1,1997.0,3,726,100,63,0,Y,4,2009,Normal,547867
1103,50,Edwards,2Story,80.2,4327,6,2,1971,1990,TA,TA,1119,986,1441,2,1,1,2,Ex,5,1,1972.0,3,905,0,187,0,Y,9,2007,Normal,354584
1104,30,OldTown,1.5Fin,,6298,9,8,1961,1982,Gd,Gd,1020,939,1605,3,1,2,2,TA,5,2,1961.0,2,582,250,6,0,Y,5,2007,Normal,421484
1105,40,NAmes,1Story,36.7,8846,8,3,1931,1944,Gd,TA,591,653,1158,2,1,1,1,TA,3,1,1935.0,2,623,200,66,0,N,4,2006,Normal,324122
1106,30,BrkSide,2Story,116.0,4889,4,3,1938,1955,Fa,Gd,1135,1242,1289,1,1,3,1,Fa,6,0,1941.0,3,801,250,121,0,Y,5,2007,Normal,323899
1107,50,BrkSide,1Story,71.1,12095,6,5,1916,1934,TA,TA,1274,2176,2494,3,0,1,1,Fa,3,1,,0,0,0,106,0,Y,12,2010,Normal,363472
1108,40,BrkSide,1Story,48.0,13609,6,9,1957,1975,TA,Gd,1329,1401,1685,1,0,1,1,TA,5,0,1957.0,2,634,200,45,0,Y,2,2008,Normal,357371
1109,60,NAmes,SLvl,75.3,8192,8,8,1931,1959,Fa,NA,999,962,1219,2,1,1,1,TA,5,0,1932.0,3,774,0,39,0,Y,9,2010,Abnorml,368413
1110,30,Edwards,1Story,46.8,8664,5,6,1932,1955,Ex,TA,828,1188,1474,1,1,4,2,Gd,7,0,,0,0,200,156,0,Y,10,2009,Normal,319579
1111,60,Mitchel,1Story,63.8,12757,4,3,1904,1906,Gd,Gd,565,698,833,1,1,3,1,TA,5,2,,0,0,250,175,0,Y,3,2007,Normal,275415
1112,60,Gilbert,1Story,,7501,9,4,1988,1988,TA,TA,647,1142,1238,3,0,5,1,TA,8,1,1991.0,1,257,250,135,0,Y,10,2006,Normal,436809
1113,70,CollgCr,2Story,52.6,7213,9,7,2004,2010,TA,Gd,1447,1947,2378,3,0,2,2,Gd,5,0,2004.0,1,320,250,106,0,Y,8,2010,Normal,525239
1114,90,CollgCr,SLvl,,15525,6,3,1955,1991,Gd,Gd,1472,1403,1582,1,1,2,2,Ex,7,1,1956.0,3,754,0,154,0,Y,5,2010,Normal,430458
1115,20,OldTown,SLvl,,14214,2,6,1959,1960,TA,Gd,1920,1662,2458,1,0,2,1,TA,4,2,1961.0,1,313,0,48,0,Y,3,2006,Normal,371555
1116,20,Mitchel,1Story,80.2,13027,6,2,2002,2004,Ex,TA,1389,1587,1604,2,0,5,1,TA,8,1,2002.0,2,374,0,193,0,Y,12,2007,Normal,398862
1117,50,CollgCr,1Story,84.0,14388,10,4,1956,1983,TA,NA,1208,978,1733,3,0,3,2,TA,6,2,1957.0,3,773,100,24,0,Y,3,2009,Normal,488074
1118,60,Mitchel,2Story,69.4,2195,10,3,1969,1987,TA,NA,1094,1490,2058,2,1,2,1,Gd,6,1,1970.0,3,819,250,116,0,Y,12,2010,Normal,481802
1119,80,NridgHt,1Story,88.1,16186,5,7,1947,1956,TA,Gd,495,592,625,3,0,4,2,TA,7,2,1947.0,2,699,150,68,0,N,8,2010,Normal,475527
1120,30,Mitchel,1.5Fin,50.8,12147,3,9,1957,1965,Gd,Ex,1130,1056,1673,2,1,3,1,Ex,6,1,1957.0,3,700,100,180,0,Y,11,2007,Normal,408531
1121,50,BrkSide,2Story,53.9,14745,7,3,1957,1983,Ex,Fa,821,1013,1651,2,0,1,2,TA,6,1,1957.0,2,614,200,48,0,Y,4,2010,Normal,369119
1122,60,Edwards,1Story,79.0,12126,9,8,1978,1998,TA,Gd,1528,1742,2438,1,1,4,1,Gd,7,0,,0,0,0,128,0,Y,1,2009,Normal,414262
1123,70,BrkSide,1.5Fin,63.9,10705,10,7,1967,1992,TA,TA,1658,1644,2213,3,0,1,2,Gd,4,0,1967.0,2,502,150,31,0,Y,8,2008,Normal,448823
1124,60,CollgCr,1Story,,9344,2,9,1955,1966,TA,NA,809,976,1006,3,0,1,1,Gd,3,2,1957.0,1,265,100,36,0,Y,5,2007,Normal,369793
1125,60,OldTown,1Story,66.4,12042,4,9,1908,1929,Ex,Gd,1172,2034,2196,1,0,4,1,Gd,7,2,1908.0,1,286,0,83,550,Y,7,2010,Normal,340363
1126,30,OldTown,2Story,,9191,6,2,2000,2010,TA,Gd,1344,1157,1524,3,0,3,2,Gd,6,1,2001.0,2,441,150,159,0,Y,6,2010,Normal,357967
1127,50,CollgCr,2Story,98.7,14145,2,7,1998,2010,Gd,Fa,679,1102,1116,3,1,2,2,TA,6,1,1998.0,1,262,200,55,0,Y,4,2010,Partial,352430
1128,60,NAmes,2Story,56.2,3837,9,6,1920,1935,Gd,TA,999,1527,1820,2,0,1,2,Gd,5,0,,0,0,200,138,0,N,9,2008,Normal,384358
1129,20,CollgCr,2Story,31.3,8225,3,2,1932,1938,Gd,NA,750,1394,1478,3,1,3,2,TA,7,1,1935.0,3,903,200,114,0,Y,7,2007,Normal,414806
1130,90,CollgCr,SLvl,54.3,19088,7,4,2008,2010,Gd,TA,2033,1595,2413,2,1,4,1,TA,8,0,2010.0,2,547,200,195,0,Y,8,2010,Abnorml,511018
1131,70,Edwards,SLvl,50.3,7870,10,9,1935,1936,Gd,Gd,1138,1473,1913,1,0,2,1,Ex,6,1,1935.0,2,569,100,60,200,Y,9,2007,Normal,395788
1132,70,NAmes,2Story,88.3,9498,8,6,1990,1999,Gd,Fa,1198,1013,1799,3,0,3,1,TA,5,0,1990.0,3,910,0,48,0,Y,9,2009,Normal,423717
1133,60,NAmes,1Story,90.3,6793,8,4,1987,2010,TA,TA,1114,1181,2132,1,1,2,2,TA,7,2,1988.0,2,622,250,180,0,Y,4,2008,Normal,421208
1134,90,Mitchel,2Story,,11911,4,4,1995,1995,TA,NA,1652,1843,2125,3,1,5,2,TA,10,2,1996.0,2,515,100,66,0,Y,10,2008,Normal,431120
1135,20,NAmes,SLvl,,7408,9,8,1901,1940,Gd,TA,1743,1267,2101,1,1,4,2,TA,7,0,1903.0,3,1024,150,42,0,Y,3,2007,Normal,425296
1136,90,NAmes,1Story,37.5,9720,5,4,1953,1969,Gd,TA,1353,1837,2306,2,1,2,1,TA,5,0,1954.0,1,333,0,164,200,Y,12,2007,Normal,370291
1137,30,NAmes,1Story,73.0,14065,2,3,1962,1977,TA,Gd,1694,1590,1842,3,1,3,2,Fa,7,2,1965.0,3,921,250,162,0,Y,10,2009,Normal,370735
1138,90,CollgCr,1Story,,7565,5,6,1992,2010,Ex,Gd,711,963,1705,2,0,5,2,Gd,9,0,1993.0,2,493,250,12,550,Y,7,2007,Normal,440316
1139,20,Gilbert,1Story,87.4,13812,5,9,1924,1949,Gd,NA,1050,1669,2220,3,1,2,2,Ex,6,1,,0,0,250,171,0,Y,3,2009,Normal,441114
1140,40,BrkSide,2Story,80.9,13953,6,3,1934,1952,TA,NA,1163,1378,1606,1,0,1,2,TA,6,0,,0,0,0,126,0,Y,11,2010,Normal,301859
1141,60,Sawyer,1Story,83.4,14931,4,4,1919,1954,TA,TA,1270,1536,1616,1,1,2,2,Gd,6,1,1923.0,3,847,200,55,0,Y,7,2006,Normal,376933
1142,70,Gilbert,2Story,,11090,6,5,1984,2010,TA,NA,1332,1695,2476,1,0,4,1,TA,8,0,1988.0,3,628,150,107,0,Y,10,2010,Normal,467675
1143,20,NAmes,1.5Fin,56.2,24113,5,3,2010,2010,Gd,Gd,1694,2376,2404,1,0,5,1,Gd,8,0,2011.0,3,899,0,47,0,Y,1,2006,Normal,433926
1144,40,Sawyer,1.5Fin,90.9,14929,4,7,1915,1943,Gd,Fa,918,1484,1596,1,1,2,2,Gd,6,1,,0,0,100,33,0,Y,5,2006,Normal,308872
1145,80,NAmes,1Story,58.2,11864,8,4,1925,1937,Gd,TA,1045,1249,1482,2,1,1,2,TA,4,0,1925.0,3,909,100,26,0,Y,4,2010,Normal,404422
1146,30,NridgHt,1Story,34.2,6821,4,3,1934,1973,TA,TA,1756,1672,2302,1,1,1,2,Gd,4,2,1938.0,3,759,150,33,0,Y,10,2007,Partial,583824
1147,90,Somerst,2Story,87.8,10092,8,4,1998,2008,Gd,TA,1949,1813,2084,3,1,3,2,Gd,7,1,1998.0,3,745,0,116,0,Y,6,2009,Normal,549262
1148,70,BrkSide,1.5Fin,57.3,16491,4,9,1949,1960,Gd,TA,1140,1607,1751,1,0,1,2,TA,4,1,1949.0,1,292,100,162,0,Y,2,2006,Normal,316402
1149,90,Edwards,1Story,93.4,17680,9,9,1931,1959,Ex,Fa,1188,1078,1571,3,0,1,2,TA,6,1,1931.0,2,548,150,97,0,Y,8,2006,Abnorml,417596
1150,90,NridgHt,1.5Fin,69.6,16709,5,6,1935,1966,Fa,Gd,1281,1778,1784,3,1,4,2,TA,7,2,1936.0,1,298,200,3,0,Y,2,2007,Normal,550815
1151,30,Somerst,1Story,63.9,13798,2,5,1966,1971,Ex,Fa,885,1476,1540,3,0,5,1,Gd,7,2,,0,0,200,85,0,Y,6,2008,Normal,429784
1152,90,Gilbert,1.5Fin,,5226,3,8,1942,1964,Gd,Gd,677,965,1256,3,0,2,1,TA,6,0,1942.0,2,647,150,149,0,Y,12,2007,Normal,374994
1153,50,Mitchel,1Story,41.3,12546,9,3,1915,1928,TA,Gd,1686,1564,1787,3,1,3,1,TA,5,2,,0,0,150,167,0,Y,6,2007,Abnorml,411036
1154,40,Sawyer,1Story,101.6,5286,9,7,1991,2010,TA,TA,952,1456,1852,3,0,3,2,TA,6,1,,0,0,0,146,0,Y,6,2010,Normal,394145
1155,90,Somerst,2Story,55.9,4253,3,7,1946,1968,TA,TA,1164,1245,1395,2,0,4,1,Ex,6,2,,0,0,200,73,0,Y,1,2006,Normal,448897
1156,50,Somerst,1Story,73.6,11504,7,7,1928,1967,TA,NA,1014,1945,2109,2,1,5,1,Gd,9,2,1931.0,1,276,0,129,400,Y,6,2006,Normal,470906
1157,70,Sawyer,1Story,,12697,7,3,1980,2010,Gd,Gd,1932,1285,2294,2,0,5,1,TA,9,2,,0,0,100,13,0,Y,12,2006,Normal,393135
1158,60,Edwards,1Story,60.6,14294,3,7,1982,2008,TA,Ex,1025,1195,2041,2,1,2,1,TA,4,2,1985.0,3,957,100,81,0,N,12,2010,Normal,362656
1159,40,CollgCr,1Story,53.2,12588,6,6,1917,1944,Gd,TA,1414,1064,1517,2,0,5,1,Ex,8,0,1921.0,3,1008,250,107,0,Y,12,2008,Family,433851
1160,90,Somerst,2Story,,12733,8,9,1908,1943,Fa,Fa,1603,1986,2063,1,0,1,2,TA,5,2,1909.0,3,891,0,5,0,Y,5,2010,Normal,523301
1161,80,NAmes,1Story,47.7,6364,10,3,1905,1912,Gd,NA,804,1303,1787,3,0,5,1,TA,9,2,1907.0,1,276,0,2,0,Y,1,2010,Normal,379154
1162,60,CollgCr,2Story,113.2,10059,9,6,1984,2010,TA,Fa,884,1075,1132,3,1,1,1,Gd,4,0,,0,0,200,160,0,Y,3,2007,Normal,413178
1163,60,Somerst,1.5Fin,,4170,2,8,1969,1999,TA,TA,1371,1420,1873,3,1,1,1,TA,4,0,1973.0,2,421,150,44,0,Y,3,2009,Partial,448453
1164,20,Sawyer,1Story,95.5,2086,4,4,1987,1992,Gd,Fa,978,1136,1670,1,1,1,2,Gd,5,1,1987.0,2,667,0,25,0,Y,1,2008,Normal,373808
1165,70,Sawyer,1Story,92.6,13611,5,7,1969,2004,Gd,Gd,1560,2742,2870,3,0,1,2,TA,4,1,,0,0,0,118,0,Y,9,2008,Normal,431325
1166,90,OldTown,1.5Fin,78.0,7337,3,2,1944,1971,TA,NA,1809,1825,2274,2,1,3,2,TA,7,2,1948.0,3,901,200,56,0,Y,7,2008,Normal,400568
1167,90,Somerst,1.5Fin,67.0,14164,7,7,1965,1978,Gd,TA,1629,1436,2016,1,0,4,1,TA,7,1,1965.0,1,307,200,195,0,Y,9,2009,Normal,491666
1168,60,CollgCr,2Story,74.3,15155,2,6,1980,1999,Fa,Gd,968,952,1670,3,1,4,2,Fa,9,0,1981.0,3,691,0,189,0,Y,3,2007,Normal,395147
1169,90,Sawyer,1.5Fin,82.6,7899,3,3,1944,1963,Gd,TA,1458,992,1654,3,1,1,1,TA,4,1,,0,0,0,164,0,Y,9,2006,Normal,344577
1170,80,OldTown,1Story,72.2,12979,2,2,2001,2010,TA,TA,585,654,1068,3,0,2,2,Gd,7,2,2001.0,1,342,200,60,0,Y,1,2009,Normal,264949
1171,60,Sawyer,1Story,35.5,7723,4,7,1999,2010,TA,Gd,336,547,765,2,0,1,2,TA,5,2,2003.0,1,292,0,175,0,Y,9,2010,Normal,268616
1172,80,BrkSide,2Story,30.0,2747,8,3,1988,2010,TA,Gd,935,1055,1281,1,0,1,2,Fa,6,0,,0,0,0,51,0,Y,10,2008,Normal,336208
1173,30,NridgHt,1Story,103.2,11018,3,5,2010,2010,TA,TA,712,1068,1552,1,1,4,2,Ex,9,2,2013.0,2,550,0,47,0,Y,4,2006,Partial,526335
1174,70,Edwards,2Story,,8522,10,2,1943,1947,TA,NA,414,435,750,3,1,4,2,TA,7,0,1945.0,3,970,100,194,0,Y,4,2006,Normal,358265
1175,60,Mitchel,2Story,,8652,4,9,1912,1948,TA,TA,909,896,1339,3,0,2,2,Gd,6,2,1914.0,2,635,100,134,0,Y,6,2008,Abnorml,349860
1176,50,NridgHt,2Story,64.8,18796,2,6,1953,1958,TA,Gd,798,1050,1431,1,1,2,2,TA,7,2,1957.0,1,221,0,17,0,Y,7,2010,Normal,500272
1177,70,NridgHt,1Story,73.5,4091,5,9,1982,1988,TA,TA,789,1516,1522,3,1,5,2,TA,9,0,1986.0,2,691,0,177,0,Y,7,2009,Family,549288
1178,80,BrkSide,1Story,44.9,12108,8,3,1986,1988,Gd,Gd,1088,1005,1382,1,0,3,2,Fa,8,2,1988.0,1,319,150,32,0,Y,2,2007,Normal,347978
1179,60,BrkSide,1Story,77.7,6322,2,3,1943,1980,Ex,Gd,971,818,1386,3,1,2,1,TA,5,1,1945.0,1,274,200,136,0,Y,5,2009,Partial,303678
1180,50,NAmes,1Story,74.5,14315,2,6,1932,1951,Gd,Ex,2049,1929,2377,1,0,5,2,Ex,10,2,1935.0,3,697,0,87,0,Y,7,2006,Normal,416014
1181,50,BrkSide,2Story,130.7,11753,9,6,1949,1958,TA,TA,1470,1969,2043,3,0,1,1,TA,4,0,1952.0,2,644,150,3,400,Y,8,2008,Normal,397297
1182,60,Sawyer,1Story,,12093,7,8,1989,1992,TA,Gd,936,1271,1406,1,0,2,1,TA,5,2,1993.0,1,299,200,157,0,Y,8,2010,Normal,353607
1183,60,OldTown,1Story,99.7,6531,5,9,1906,1922,Ex,Gd,866,1475,1592,2,0,4,1,Gd,6,2,1907.0,1,222,100,137,0,Y,8,2009,Normal,344643
1184,40,Edwards,1Story,37.0,7285,8,8,1936,1964,TA,Gd,1409,1632,1686,3,0,3,1,Ex,5,0,1936.0,3,812,150,176,0,Y,6,2006,Normal,402336
1185,60,Sawyer,1Story,92.4,14394,9,3,1925,1964,Gd,TA,689,1135,1356,3,0,1,2,TA,4,1,1925.0,2,810,0,122,0,Y,7,2007,Normal,347600
1186,40,OldTown,1.5Fin,75.0,17937,5,4,1989,2010,TA,Gd,670,1253,1256,2,0,5,1,TA,9,1,,0,0,250,151,0,N,5,2006,Normal,306308
1187,90,Somerst,1Story,75.9,12517,7,9,1952,1976,TA,Gd,1864,1220,2160,3,1,2,2,Ex,6,0,1953.0,3,751,250,181,0,Y,4,2008,Abnorml,547264
1188,60,NridgHt,SLvl,76.2,6731,2,6,1909,1942,TA,TA,1089,1248,1349,1,0,4,1,Gd,7,2,1913.0,2,479,150,195,0,Y,4,2007,Normal,505179
1189,80,NridgHt,1Story,,11924,4,8,1929,1965,TA,TA,792,1005,1075,2,1,2,1,Gd,5,0,1933.0,1,351,250,112,0,N,6,2010,Normal,493661
1190,50,Mitchel,2Story,,20695,7,6,1904,1915,TA,Fa,697,1592,1654,3,0,4,1,TA,7,0,1904.0,3,942,150,3,0,Y,2,2007,Normal,405167
1191,50,CollgCr,1Story,52.7,10930,3,2,1952,1991,Ex,TA,767,1248,1632,1,0,5,2,Gd,10,1,1956.0,3,1009,150,69,0,Y,3,2006,Normal,417647
1192,40,OldTown,1Story,56.4,16640,10,5,2010,2010,TA,TA,542,726,803,2,1,4,2,Gd,8,1,2013.0,3,870,200,123,0,Y,2,2008,Normal,366043
1193,60,Mitchel,1.5Fin,88.0,7391,10,8,1962,1999,Gd,Fa,1402,1104,1730,2,0,5,1,TA,8,0,1963.0,1,330,0,21,0,Y,5,2009,Normal,398873
1194,60,Gilbert,SLvl,79.8,10323,4,7,1996,2000,TA,TA,1321,1656,2017,2,1,3,2,Gd,7,2,1997.0,3,738,0,23,0,N,6,2009,Abnorml,471952
1195,60,OldTown,1.5Fin,,13102,5,3,1982,1985,TA,TA,754,1310,1842,3,1,1,2,TA,5,0,1982.0,3,860,0,78,0,Y,2,2010,Abnorml,345231
1196,80,OldTown,1Story,,12169,3,3,1997,2010,Gd,Ex,1326,2165,2645,2,0,3,2,Gd,7,0,1999.0,3,874,150,182,0,Y,2,2007,Normal,378837
1197,60,Edwards,1Story,46.2,7281,6,8,1934,1960,Gd,Gd,1629,1922,2251,3,1,3,1,Gd,5,1,1934.0,2,671,0,64,0,Y,7,2008,Normal,395748
1198,80,Gilbert,2Story,79.6,7100,3,9,2005,2010,TA,Gd,1775,1603,2270,2,0,4,2,TA,9,2,2005.0,1,293,0,187,0,Y,3,2008,Abnorml,486298
1199,20,OldTown,1Story,52.3,14651,5,8,1926,1961,Fa,Gd,1242,1922,2969,3,1,2,2,TA,6,0,,0,0,100,160,0,Y,11,2006,Normal,392913
1200,40,NridgHt,2Story,63.8,15505,6,2,1948,1952,Gd,NA,854,1399,2014,2,0,4,2,Fa,8,1,1950.0,3,848,200,60,0,Y,2,2006,Normal,541133
